[029月2025 22:09:07.644] [main/INFO] [cpw.mods.modlauncher.Launcher/MODLAUNCHER]: ModLauncher running: args [--launchTarget, forgedatauserdev, --assetIndex, 5, --assetsDir, C:\Users\26852\.gradle\caches\forge_gradle\assets, --gameDir, ., --fml.forgeVersion, 47.4.0, --fml.mcVersion, 1.20.1, --fml.forgeGroup, net.minecraftforge, --fml.mcpVersion, 20230612.114412, -mixin.config=endless.mixins.json, --mod, endless, --all, --output, D:\McMod20\Endless-20\src\generated\resources, --existing, D:\McMod20\Endless-20\src\main\resources, --mixin.config, endless.mixins.json]
[029月2025 22:09:07.644] [main/INFO] [cpw.mods.modlauncher.Launcher/MODLAUNCHER]: ModLauncher 10.0.9+10.0.9+main.dcd20f30 starting: java version 17.0.11 by Oracle Corporation; OS Windows 11 arch amd64 version 10.0
[029月2025 22:09:07.676] [main/DEBUG] [cpw.mods.modlauncher.LaunchServiceHandler/MODLAUNCHER]: Found launch services [fmlclientdev,forgeclient,minecraft,forgegametestserverdev,fmlserveruserdev,fmlclient,fmldatauserdev,forgeserverdev,forgeserveruserdev,forgeclientdev,forgeclientuserdev,forgeserver,forgedatadev,fmlserver,fmlclientuserdev,fmlserverdev,forgedatauserdev,testharness,forgegametestserveruserdev]
[029月2025 22:09:07.676] [main/DEBUG] [cpw.mods.modlauncher.NameMappingServiceHandler/MODLAUNCHER]: Found naming services : [srgtomcp]
[029月2025 22:09:07.691] [main/DEBUG] [cpw.mods.modlauncher.LaunchPluginHandler/MODLAUNCHER]: Found launch plugins: [mixin,eventbus,slf4jfixer,object_holder_definalize,runtime_enum_extender,capability_token_subclass,accesstransformer,runtimedistcleaner]
[029月2025 22:09:07.691] [main/DEBUG] [cpw.mods.modlauncher.TransformationServicesHandler/MODLAUNCHER]: Discovering transformation services
[029月2025 22:09:07.691] [main/DEBUG] [net.minecraftforge.fml.loading.FMLPaths/CORE]: Path GAMEDIR is D:\McMod20\Endless-20\run-data
[029月2025 22:09:07.691] [main/DEBUG] [net.minecraftforge.fml.loading.FMLPaths/CORE]: Path MODSDIR is D:\McMod20\Endless-20\run-data\mods
[029月2025 22:09:07.691] [main/DEBUG] [net.minecraftforge.fml.loading.FMLPaths/CORE]: Path CONFIGDIR is D:\McMod20\Endless-20\run-data\config
[029月2025 22:09:07.691] [main/DEBUG] [net.minecraftforge.fml.loading.FMLPaths/CORE]: Path FMLCONFIG is D:\McMod20\Endless-20\run-data\config\fml.toml
[029月2025 22:09:07.723] [main/DEBUG] [cpw.mods.modlauncher.TransformationServicesHandler/MODLAUNCHER]: Found additional transformation services from discovery services: 
[029月2025 22:09:07.723] [main/INFO] [net.minecraftforge.fml.loading.ImmediateWindowHandler/]: ImmediateWindowProvider not loading because launch target is forgedatauserdev
[029月2025 22:09:07.723] [main/DEBUG] [cpw.mods.modlauncher.TransformationServicesHandler/MODLAUNCHER]: Found transformer services : [mixin,fml]
[029月2025 22:09:07.723] [main/DEBUG] [cpw.mods.modlauncher.TransformationServicesHandler/MODLAUNCHER]: Transformation services loading
[029月2025 22:09:07.723] [main/DEBUG] [cpw.mods.modlauncher.TransformationServiceDecorator/MODLAUNCHER]: Loading service mixin
[029月2025 22:09:07.723] [main/DEBUG] [cpw.mods.modlauncher.TransformationServiceDecorator/MODLAUNCHER]: Loaded service mixin
[029月2025 22:09:07.723] [main/DEBUG] [cpw.mods.modlauncher.TransformationServiceDecorator/MODLAUNCHER]: Loading service fml
[029月2025 22:09:07.723] [main/DEBUG] [net.minecraftforge.fml.loading.LauncherVersion/CORE]: Found FMLLauncher version 1.0
[029月2025 22:09:07.723] [main/DEBUG] [net.minecraftforge.fml.loading.FMLLoader/CORE]: FML 1.0 loading
[029月2025 22:09:07.723] [main/DEBUG] [net.minecraftforge.fml.loading.FMLLoader/CORE]: FML found ModLauncher version : 10.0.9+10.0.9+main.dcd20f30
[029月2025 22:09:07.723] [main/DEBUG] [net.minecraftforge.fml.loading.FMLLoader/CORE]: Requesting CoreMods to not apply the fix for ASMAPI.findFirstInstructionBefore by default
[029月2025 22:09:07.723] [main/DEBUG] [net.minecraftforge.fml.loading.FMLLoader/CORE]: FML found AccessTransformer version : 8.0.4+66+master.c09db6d7
[029月2025 22:09:07.723] [main/DEBUG] [net.minecraftforge.fml.loading.FMLLoader/CORE]: FML found EventBus version : 6.0.5+6.0.5+master.eb8e549b
[029月2025 22:09:07.723] [main/DEBUG] [net.minecraftforge.fml.loading.FMLLoader/CORE]: Found Runtime Dist Cleaner
[029月2025 22:09:07.723] [main/DEBUG] [net.minecraftforge.coremod.CoreModEngine/]: CoreMods will preserve legacy behavior of ASMAPI.findFirstInstructionBefore for backwards-compatibility
[029月2025 22:09:07.723] [main/DEBUG] [net.minecraftforge.fml.loading.FMLLoader/CORE]: FML found CoreMod version : 5.2.4
[029月2025 22:09:07.723] [main/DEBUG] [net.minecraftforge.fml.loading.FMLLoader/CORE]: Found ForgeSPI package implementation version 7.0.1+7.0.1+master.d2b38bf6
[029月2025 22:09:07.723] [main/DEBUG] [net.minecraftforge.fml.loading.FMLLoader/CORE]: Found ForgeSPI package specification 5
[029月2025 22:09:07.723] [main/DEBUG] [cpw.mods.modlauncher.TransformationServiceDecorator/MODLAUNCHER]: Loaded service fml
[029月2025 22:09:07.723] [main/DEBUG] [cpw.mods.modlauncher.TransformationServicesHandler/MODLAUNCHER]: Configuring option handling for services
[029月2025 22:09:07.739] [main/DEBUG] [cpw.mods.modlauncher.TransformationServicesHandler/MODLAUNCHER]: Transformation services initializing
[029月2025 22:09:07.739] [main/DEBUG] [cpw.mods.modlauncher.TransformationServiceDecorator/MODLAUNCHER]: Initializing transformation service mixin
[029月2025 22:09:07.739] [main/DEBUG] [mixin/]: MixinService [ModLauncher] was successfully booted in cpw.mods.cl.ModuleClassLoader@21de60b4
[029月2025 22:09:07.755] [main/INFO] [mixin/]: SpongePowered MIXIN Subsystem Version=0.8.5 Source=union:/C:/Users/26852/.gradle/caches/modules-2/files-2.1/org.spongepowered/mixin/0.8.5/9d1c0c3a304ae6697ecd477218fa61b850bf57fc/mixin-0.8.5.jar%23128!/ Service=ModLauncher Env=CLIENT
[029月2025 22:09:07.755] [main/DEBUG] [mixin/]: Initialising Mixin Platform Manager
[029月2025 22:09:07.755] [main/DEBUG] [mixin/]: Adding mixin platform agents for container ModLauncher Root Container(ModLauncher:4f56a0a2)
[029月2025 22:09:07.755] [main/DEBUG] [mixin/]: Instancing new MixinPlatformAgentMinecraftForge for ModLauncher Root Container(ModLauncher:4f56a0a2)
[029月2025 22:09:07.755] [main/DEBUG] [mixin/]: MixinPlatformAgentMinecraftForge rejected container ModLauncher Root Container(ModLauncher:4f56a0a2)
[029月2025 22:09:07.755] [main/DEBUG] [mixin/]: Instancing new MixinPlatformAgentDefault for ModLauncher Root Container(ModLauncher:4f56a0a2)
[029月2025 22:09:07.755] [main/DEBUG] [mixin/]: MixinPlatformAgentDefault accepted container ModLauncher Root Container(ModLauncher:4f56a0a2)
[029月2025 22:09:07.755] [main/DEBUG] [cpw.mods.modlauncher.TransformationServiceDecorator/MODLAUNCHER]: Initialized transformation service mixin
[029月2025 22:09:07.755] [main/DEBUG] [cpw.mods.modlauncher.TransformationServiceDecorator/MODLAUNCHER]: Initializing transformation service fml
[029月2025 22:09:07.755] [main/DEBUG] [net.minecraftforge.fml.loading.FMLServiceProvider/CORE]: Setting up basic FML game directories
[029月2025 22:09:07.755] [main/DEBUG] [net.minecraftforge.fml.loading.FMLPaths/CORE]: Path GAMEDIR is D:\McMod20\Endless-20\run-data
[029月2025 22:09:07.755] [main/DEBUG] [net.minecraftforge.fml.loading.FMLPaths/CORE]: Path MODSDIR is D:\McMod20\Endless-20\run-data\mods
[029月2025 22:09:07.755] [main/DEBUG] [net.minecraftforge.fml.loading.FMLPaths/CORE]: Path CONFIGDIR is D:\McMod20\Endless-20\run-data\config
[029月2025 22:09:07.755] [main/DEBUG] [net.minecraftforge.fml.loading.FMLPaths/CORE]: Path FMLCONFIG is D:\McMod20\Endless-20\run-data\config\fml.toml
[029月2025 22:09:07.755] [main/DEBUG] [net.minecraftforge.fml.loading.FMLServiceProvider/CORE]: Loading configuration
[029月2025 22:09:07.755] [main/DEBUG] [net.minecraftforge.fml.loading.FMLServiceProvider/CORE]: Preparing ModFile
[029月2025 22:09:07.755] [main/DEBUG] [net.minecraftforge.fml.loading.FMLServiceProvider/CORE]: Preparing launch handler
[029月2025 22:09:07.755] [main/DEBUG] [net.minecraftforge.fml.loading.FMLLoader/CORE]: Using forgedatauserdev as launch service
[029月2025 22:09:07.771] [main/DEBUG] [net.minecraftforge.fml.loading.FMLLoader/CORE]: Received command line version data  : VersionInfo[forgeVersion=47.4.0, mcVersion=1.20.1, mcpVersion=20230612.114412, forgeGroup=net.minecraftforge]
[029月2025 22:09:07.771] [main/DEBUG] [cpw.mods.modlauncher.TransformationServiceDecorator/MODLAUNCHER]: Initialized transformation service fml
[029月2025 22:09:07.771] [main/DEBUG] [cpw.mods.modlauncher.NameMappingServiceHandler/MODLAUNCHER]: Current naming domain is 'mcp'
[029月2025 22:09:07.771] [main/DEBUG] [cpw.mods.modlauncher.NameMappingServiceHandler/MODLAUNCHER]: Identified name mapping providers {srg=srgtomcp:1234}
[029月2025 22:09:07.771] [main/DEBUG] [cpw.mods.modlauncher.TransformationServicesHandler/MODLAUNCHER]: Transformation services begin scanning
[029月2025 22:09:07.771] [main/DEBUG] [cpw.mods.modlauncher.TransformationServiceDecorator/MODLAUNCHER]: Beginning scan trigger - transformation service mixin
[029月2025 22:09:07.771] [main/DEBUG] [cpw.mods.modlauncher.TransformationServiceDecorator/MODLAUNCHER]: End scan trigger - transformation service mixin
[029月2025 22:09:07.771] [main/DEBUG] [cpw.mods.modlauncher.TransformationServiceDecorator/MODLAUNCHER]: Beginning scan trigger - transformation service fml
[029月2025 22:09:07.771] [main/DEBUG] [net.minecraftforge.fml.loading.FMLServiceProvider/CORE]: Initiating mod scan
[029月2025 22:09:07.787] [main/DEBUG] [net.minecraftforge.fml.loading.moddiscovery.ModListHandler/CORE]: Found mod coordinates from lists: []
[029月2025 22:09:07.787] [main/DEBUG] [net.minecraftforge.fml.loading.moddiscovery.ModDiscoverer/CORE]: Found Mod Locators : (mods folder:null),(maven libs:null),(exploded directory:null),(minecraft:null),(userdev classpath:null)
[029月2025 22:09:07.787] [main/DEBUG] [net.minecraftforge.fml.loading.moddiscovery.ModDiscoverer/CORE]: Found Dependency Locators : (JarInJar:null)
[029月2025 22:09:07.802] [main/DEBUG] [net.minecraftforge.fml.loading.targets.CommonLaunchHandler/CORE]: Got mod coordinates endless%%D:/McMod20/Endless-20\build\resources\main;endless%%D:/McMod20/Endless-20\build\classes\java\main from env
[029月2025 22:09:07.802] [main/DEBUG] [net.minecraftforge.fml.loading.targets.CommonLaunchHandler/CORE]: Found supplied mod coordinates [{endless=[D:\McMod20\Endless-20\build\resources\main, D:\McMod20\Endless-20\build\classes\java\main]}]
[029月2025 22:09:08.058] [main/DEBUG] [net.minecraftforge.fml.loading.moddiscovery.ModFileInfo/LOADING]: Found valid mod file forge-1.20.1-47.4.0_mapped_official_1.20.1.jar with {minecraft} mods - versions {1.20.1}
[029月2025 22:09:08.074] [main/DEBUG] [net.minecraftforge.fml.loading.moddiscovery.ModFileParser/LOADING]: Considering mod file candidate C:\Users\26852\.gradle\caches\modules-2\files-2.1\net.minecraftforge\javafmllanguage\1.20.1-47.4.0\f0c0b352173d0a378cbdcec9cfc4ba65899a721\javafmllanguage-1.20.1-47.4.0.jar
[029月2025 22:09:08.074] [main/WARN] [net.minecraftforge.fml.loading.moddiscovery.ModFileParser/LOADING]: Mod file C:\Users\26852\.gradle\caches\modules-2\files-2.1\net.minecraftforge\javafmllanguage\1.20.1-47.4.0\f0c0b352173d0a378cbdcec9cfc4ba65899a721\javafmllanguage-1.20.1-47.4.0.jar is missing mods.toml file
[029月2025 22:09:08.074] [main/DEBUG] [net.minecraftforge.fml.loading.moddiscovery.ModFileParser/LOADING]: Considering mod file candidate C:\Users\26852\.gradle\caches\modules-2\files-2.1\net.minecraftforge\lowcodelanguage\1.20.1-47.4.0\e862740d8c84d08dbfedea412bef88fe42e727c5\lowcodelanguage-1.20.1-47.4.0.jar
[029月2025 22:09:08.074] [main/WARN] [net.minecraftforge.fml.loading.moddiscovery.ModFileParser/LOADING]: Mod file C:\Users\26852\.gradle\caches\modules-2\files-2.1\net.minecraftforge\lowcodelanguage\1.20.1-47.4.0\e862740d8c84d08dbfedea412bef88fe42e727c5\lowcodelanguage-1.20.1-47.4.0.jar is missing mods.toml file
[029月2025 22:09:08.074] [main/DEBUG] [net.minecraftforge.fml.loading.moddiscovery.ModFileParser/LOADING]: Considering mod file candidate C:\Users\26852\.gradle\caches\modules-2\files-2.1\net.minecraftforge\mclanguage\1.20.1-47.4.0\5719b3a297a33f877ed5dde4cb4bd75c859096af\mclanguage-1.20.1-47.4.0.jar
[029月2025 22:09:08.074] [main/WARN] [net.minecraftforge.fml.loading.moddiscovery.ModFileParser/LOADING]: Mod file C:\Users\26852\.gradle\caches\modules-2\files-2.1\net.minecraftforge\mclanguage\1.20.1-47.4.0\5719b3a297a33f877ed5dde4cb4bd75c859096af\mclanguage-1.20.1-47.4.0.jar is missing mods.toml file
[029月2025 22:09:08.074] [main/DEBUG] [net.minecraftforge.fml.loading.moddiscovery.ModFileParser/LOADING]: Considering mod file candidate C:\Users\26852\.gradle\caches\modules-2\files-2.1\net.minecraftforge\fmlcore\1.20.1-47.4.0\235975dafa4309945b59c56b53f31dc5b65a6051\fmlcore-1.20.1-47.4.0.jar
[029月2025 22:09:08.074] [main/WARN] [net.minecraftforge.fml.loading.moddiscovery.ModFileParser/LOADING]: Mod file C:\Users\26852\.gradle\caches\modules-2\files-2.1\net.minecraftforge\fmlcore\1.20.1-47.4.0\235975dafa4309945b59c56b53f31dc5b65a6051\fmlcore-1.20.1-47.4.0.jar is missing mods.toml file
[029月2025 22:09:08.074] [main/DEBUG] [net.minecraftforge.fml.loading.moddiscovery.ModFileParser/LOADING]: Considering mod file candidate D:\McMod20\Endless-20\build\resources\main
[029月2025 22:09:08.090] [main/DEBUG] [net.minecraftforge.fml.loading.moddiscovery.ModFileInfo/LOADING]: Found valid mod file main with {endless} mods - versions {1.20.1-0.1-B8}
[029月2025 22:09:08.090] [main/DEBUG] [net.minecraftforge.fml.loading.moddiscovery.ModFileParser/LOADING]: Considering mod file candidate /
[029月2025 22:09:08.090] [main/DEBUG] [net.minecraftforge.fml.loading.moddiscovery.ModFileInfo/LOADING]: Found valid mod file  with {forge} mods - versions {47.4.0}
[029月2025 22:09:08.106] [main/DEBUG] [net.minecraftforge.fml.loading.moddiscovery.ModFileParser/LOADING]: Considering mod file candidate C:\Users\26852\.gradle\caches\forge_gradle\deobf_dependencies\curse\maven\draconic-evolution-223565\6065044_mapped_official_1.20.1\draconic-evolution-223565-6065044_mapped_official_1.20.1.jar
[029月2025 22:09:08.106] [main/DEBUG] [net.minecraftforge.fml.loading.moddiscovery.ModFileInfo/LOADING]: Found valid mod file draconic-evolution-223565-6065044_mapped_official_1.20.1.jar with {draconicevolution} mods - versions {3.1.2.604}
[029月2025 22:09:08.106] [main/DEBUG] [net.minecraftforge.fml.loading.moddiscovery.ModFileParser/LOADING]: Considering mod file candidate C:\Users\26852\.gradle\caches\forge_gradle\deobf_dependencies\curse\maven\curios-309927\6418456_mapped_official_1.20.1\curios-309927-6418456_mapped_official_1.20.1.jar
[029月2025 22:09:08.122] [main/DEBUG] [net.minecraftforge.fml.loading.moddiscovery.ModFileInfo/LOADING]: Found valid mod file curios-309927-6418456_mapped_official_1.20.1.jar with {curios} mods - versions {5.14.1+1.20.1}
[029月2025 22:09:08.122] [main/DEBUG] [net.minecraftforge.fml.loading.moddiscovery.ModFileParser/LOADING]: Considering mod file candidate C:\Users\26852\.gradle\caches\forge_gradle\deobf_dependencies\curse\maven\jade-324717\4986594_mapped_official_1.20.1\jade-324717-4986594_mapped_official_1.20.1.jar
[029月2025 22:09:08.122] [main/DEBUG] [net.minecraftforge.fml.loading.moddiscovery.ModFileInfo/LOADING]: Found valid mod file jade-324717-4986594_mapped_official_1.20.1.jar with {jade} mods - versions {11.7.1}
[029月2025 22:09:08.122] [main/DEBUG] [net.minecraftforge.fml.loading.moddiscovery.ModFileParser/LOADING]: Considering mod file candidate C:\Users\26852\.gradle\caches\forge_gradle\deobf_dependencies\curse\maven\crafttweaker-239197\6256146_mapped_official_1.20.1\crafttweaker-239197-6256146_mapped_official_1.20.1.jar
[029月2025 22:09:08.122] [main/DEBUG] [net.minecraftforge.fml.loading.moddiscovery.ModFileInfo/LOADING]: Found valid mod file crafttweaker-239197-6256146_mapped_official_1.20.1.jar with {crafttweaker} mods - versions {14.0.57}
[029月2025 22:09:08.122] [main/DEBUG] [net.minecraftforge.fml.loading.moddiscovery.ModFileParser/LOADING]: Considering mod file candidate C:\Users\26852\.gradle\caches\forge_gradle\deobf_dependencies\mezz\jei\jei-1.20.1-forge\15.2.0.27_mapped_official_1.20.1\jei-1.20.1-forge-15.2.0.27_mapped_official_1.20.1.jar
[029月2025 22:09:08.122] [main/DEBUG] [net.minecraftforge.fml.loading.moddiscovery.ModFileInfo/LOADING]: Found valid mod file jei-1.20.1-forge-15.2.0.27_mapped_official_1.20.1.jar with {jei} mods - versions {15.2.0.27}
[029月2025 22:09:08.138] [main/DEBUG] [net.minecraftforge.fml.loading.moddiscovery.ModFileParser/LOADING]: Considering mod file candidate C:\Users\26852\.gradle\caches\forge_gradle\deobf_dependencies\vazkii\patchouli\Patchouli\1.20.1-84.1-FORGE_mapped_official_1.20.1\Patchouli-1.20.1-84.1-FORGE_mapped_official_1.20.1.jar
[029月2025 22:09:08.138] [main/DEBUG] [net.minecraftforge.fml.loading.moddiscovery.ModFileInfo/LOADING]: Found valid mod file Patchouli-1.20.1-84.1-FORGE_mapped_official_1.20.1.jar with {patchouli} mods - versions {1.20.1-84.1-FORGE}
[029月2025 22:09:08.138] [main/DEBUG] [net.minecraftforge.fml.loading.moddiscovery.ModFileParser/LOADING]: Considering mod file candidate C:\Users\26852\.gradle\caches\forge_gradle\deobf_dependencies\curse\maven\codechicken-lib-1-8-242818\5753868_mapped_official_1.20.1\codechicken-lib-1-8-242818-5753868_mapped_official_1.20.1.jar
[029月2025 22:09:08.138] [main/DEBUG] [net.minecraftforge.fml.loading.moddiscovery.ModFileInfo/LOADING]: Found valid mod file codechicken-lib-1-8-242818-5753868_mapped_official_1.20.1.jar with {codechickenlib} mods - versions {4.4.0.516}
[029月2025 22:09:08.138] [main/DEBUG] [net.minecraftforge.fml.loading.moddiscovery.ModFileParser/LOADING]: Considering mod file candidate C:\Users\26852\.gradle\caches\forge_gradle\deobf_dependencies\curse\maven\brandons-core-231382\5422013_mapped_official_1.20.1\brandons-core-231382-5422013_mapped_official_1.20.1.jar
[029月2025 22:09:08.138] [main/DEBUG] [net.minecraftforge.fml.loading.moddiscovery.ModFileInfo/LOADING]: Found valid mod file brandons-core-231382-5422013_mapped_official_1.20.1.jar with {brandonscore} mods - versions {3.2.1.302}
[029月2025 22:09:08.138] [main/DEBUG] [net.minecraftforge.fml.loading.moddiscovery.ModFileParser/LOADING]: Considering mod file candidate C:\Users\26852\.gradle\caches\forge_gradle\deobf_dependencies\curse\maven\selene-499980\4806893_mapped_official_1.20.1\selene-499980-4806893_mapped_official_1.20.1.jar
[029月2025 22:09:08.138] [main/DEBUG] [net.minecraftforge.fml.loading.moddiscovery.ModFileInfo/LOADING]: Found valid mod file selene-499980-4806893_mapped_official_1.20.1.jar with {moonlight} mods - versions {1.20-2.8.51}
[029月2025 22:09:08.138] [main/DEBUG] [net.minecraftforge.fml.loading.moddiscovery.ModFileParser/LOADING]: Considering mod file candidate C:\Users\26852\.gradle\caches\forge_gradle\deobf_dependencies\curse\maven\mmmmmmmmmmmm-225738\6860192_mapped_official_1.20.1\mmmmmmmmmmmm-225738-6860192_mapped_official_1.20.1.jar
[029月2025 22:09:08.138] [main/DEBUG] [net.minecraftforge.fml.loading.moddiscovery.ModFileInfo/LOADING]: Found valid mod file mmmmmmmmmmmm-225738-6860192_mapped_official_1.20.1.jar with {dummmmmmy} mods - versions {1.20-2.0.9}
[029月2025 22:09:08.138] [main/DEBUG] [net.minecraftforge.fml.loading.moddiscovery.ModFileParser/LOADING]: Considering mod file candidate C:\Users\26852\.gradle\caches\forge_gradle\deobf_dependencies\curse\maven\draconic-evolution-223565\6065044_mapped_official_1.20.1\draconic-evolution-223565-6065044_mapped_official_1.20.1.jar
[029月2025 22:09:08.154] [main/DEBUG] [net.minecraftforge.fml.loading.moddiscovery.ModFileInfo/LOADING]: Found valid mod file draconic-evolution-223565-6065044_mapped_official_1.20.1.jar with {draconicevolution} mods - versions {3.1.2.604}
[029月2025 22:09:08.154] [main/DEBUG] [net.minecraftforge.fml.loading.moddiscovery.ModFileParser/LOADING]: Considering mod file candidate C:\Users\26852\.gradle\caches\forge_gradle\deobf_dependencies\curse\maven\curios-309927\6418456_mapped_official_1.20.1\curios-309927-6418456_mapped_official_1.20.1.jar
[029月2025 22:09:08.154] [main/DEBUG] [net.minecraftforge.fml.loading.moddiscovery.ModFileInfo/LOADING]: Found valid mod file curios-309927-6418456_mapped_official_1.20.1.jar with {curios} mods - versions {5.14.1+1.20.1}
[029月2025 22:09:08.154] [main/DEBUG] [net.minecraftforge.fml.loading.moddiscovery.ModFileParser/LOADING]: Considering mod file candidate C:\Users\26852\.gradle\caches\forge_gradle\deobf_dependencies\curse\maven\jade-324717\4986594_mapped_official_1.20.1\jade-324717-4986594_mapped_official_1.20.1.jar
[029月2025 22:09:08.154] [main/DEBUG] [net.minecraftforge.fml.loading.moddiscovery.ModFileInfo/LOADING]: Found valid mod file jade-324717-4986594_mapped_official_1.20.1.jar with {jade} mods - versions {11.7.1}
[029月2025 22:09:08.154] [main/DEBUG] [net.minecraftforge.fml.loading.moddiscovery.ModFileParser/LOADING]: Considering mod file candidate C:\Users\26852\.gradle\caches\forge_gradle\deobf_dependencies\curse\maven\crafttweaker-239197\6256146_mapped_official_1.20.1\crafttweaker-239197-6256146_mapped_official_1.20.1.jar
[029月2025 22:09:08.154] [main/DEBUG] [net.minecraftforge.fml.loading.moddiscovery.ModFileInfo/LOADING]: Found valid mod file crafttweaker-239197-6256146_mapped_official_1.20.1.jar with {crafttweaker} mods - versions {14.0.57}
[029月2025 22:09:08.154] [main/DEBUG] [net.minecraftforge.fml.loading.moddiscovery.ModFileParser/LOADING]: Considering mod file candidate C:\Users\26852\.gradle\caches\forge_gradle\deobf_dependencies\mezz\jei\jei-1.20.1-forge\15.2.0.27_mapped_official_1.20.1\jei-1.20.1-forge-15.2.0.27_mapped_official_1.20.1.jar
[029月2025 22:09:08.154] [main/DEBUG] [net.minecraftforge.fml.loading.moddiscovery.ModFileInfo/LOADING]: Found valid mod file jei-1.20.1-forge-15.2.0.27_mapped_official_1.20.1.jar with {jei} mods - versions {15.2.0.27}
[029月2025 22:09:08.154] [main/DEBUG] [net.minecraftforge.fml.loading.moddiscovery.ModFileParser/LOADING]: Considering mod file candidate C:\Users\26852\.gradle\caches\forge_gradle\deobf_dependencies\vazkii\patchouli\Patchouli\1.20.1-84.1-FORGE_mapped_official_1.20.1\Patchouli-1.20.1-84.1-FORGE_mapped_official_1.20.1.jar
[029月2025 22:09:08.154] [main/DEBUG] [net.minecraftforge.fml.loading.moddiscovery.ModFileInfo/LOADING]: Found valid mod file Patchouli-1.20.1-84.1-FORGE_mapped_official_1.20.1.jar with {patchouli} mods - versions {1.20.1-84.1-FORGE}
[029月2025 22:09:08.170] [main/DEBUG] [net.minecraftforge.fml.loading.moddiscovery.ModFileParser/LOADING]: Considering mod file candidate C:\Users\26852\.gradle\caches\forge_gradle\deobf_dependencies\curse\maven\codechicken-lib-1-8-242818\5753868_mapped_official_1.20.1\codechicken-lib-1-8-242818-5753868_mapped_official_1.20.1.jar
[029月2025 22:09:08.170] [main/DEBUG] [net.minecraftforge.fml.loading.moddiscovery.ModFileInfo/LOADING]: Found valid mod file codechicken-lib-1-8-242818-5753868_mapped_official_1.20.1.jar with {codechickenlib} mods - versions {4.4.0.516}
[029月2025 22:09:08.170] [main/DEBUG] [net.minecraftforge.fml.loading.moddiscovery.ModFileParser/LOADING]: Considering mod file candidate C:\Users\26852\.gradle\caches\forge_gradle\deobf_dependencies\curse\maven\brandons-core-231382\5422013_mapped_official_1.20.1\brandons-core-231382-5422013_mapped_official_1.20.1.jar
[029月2025 22:09:08.170] [main/DEBUG] [net.minecraftforge.fml.loading.moddiscovery.ModFileInfo/LOADING]: Found valid mod file brandons-core-231382-5422013_mapped_official_1.20.1.jar with {brandonscore} mods - versions {3.2.1.302}
[029月2025 22:09:08.170] [main/DEBUG] [net.minecraftforge.fml.loading.moddiscovery.ModFileParser/LOADING]: Considering mod file candidate C:\Users\26852\.gradle\caches\forge_gradle\deobf_dependencies\curse\maven\selene-499980\4806893_mapped_official_1.20.1\selene-499980-4806893_mapped_official_1.20.1.jar
[029月2025 22:09:08.170] [main/DEBUG] [net.minecraftforge.fml.loading.moddiscovery.ModFileInfo/LOADING]: Found valid mod file selene-499980-4806893_mapped_official_1.20.1.jar with {moonlight} mods - versions {1.20-2.8.51}
[029月2025 22:09:08.170] [main/DEBUG] [net.minecraftforge.fml.loading.moddiscovery.ModFileParser/LOADING]: Considering mod file candidate C:\Users\26852\.gradle\caches\forge_gradle\deobf_dependencies\curse\maven\mmmmmmmmmmmm-225738\6860192_mapped_official_1.20.1\mmmmmmmmmmmm-225738-6860192_mapped_official_1.20.1.jar
[029月2025 22:09:08.170] [main/DEBUG] [net.minecraftforge.fml.loading.moddiscovery.ModFileInfo/LOADING]: Found valid mod file mmmmmmmmmmmm-225738-6860192_mapped_official_1.20.1.jar with {dummmmmmy} mods - versions {1.20-2.0.9}
[029月2025 22:09:08.186] [main/DEBUG] [net.minecraftforge.fml.loading.UniqueModListBuilder/]: Found 2 mods for first modid moonlight, selecting most recent based on version data
[029月2025 22:09:08.186] [main/DEBUG] [net.minecraftforge.fml.loading.UniqueModListBuilder/]: Selected file selene-499980-4806893_mapped_official_1.20.1.jar for modid moonlight with version 1.20-2.8.51
[029月2025 22:09:08.186] [main/DEBUG] [net.minecraftforge.fml.loading.UniqueModListBuilder/]: Found 2 mods for first modid jade, selecting most recent based on version data
[029月2025 22:09:08.186] [main/DEBUG] [net.minecraftforge.fml.loading.UniqueModListBuilder/]: Selected file jade-324717-4986594_mapped_official_1.20.1.jar for modid jade with version 11.7.1
[029月2025 22:09:08.186] [main/DEBUG] [net.minecraftforge.fml.loading.UniqueModListBuilder/]: Found 2 mods for first modid jei, selecting most recent based on version data
[029月2025 22:09:08.186] [main/DEBUG] [net.minecraftforge.fml.loading.UniqueModListBuilder/]: Selected file jei-1.20.1-forge-15.2.0.27_mapped_official_1.20.1.jar for modid jei with version 15.2.0.27
[029月2025 22:09:08.186] [main/DEBUG] [net.minecraftforge.fml.loading.UniqueModListBuilder/]: Found 2 mods for first modid crafttweaker, selecting most recent based on version data
[029月2025 22:09:08.186] [main/DEBUG] [net.minecraftforge.fml.loading.UniqueModListBuilder/]: Selected file crafttweaker-239197-6256146_mapped_official_1.20.1.jar for modid crafttweaker with version 14.0.57
[029月2025 22:09:08.186] [main/DEBUG] [net.minecraftforge.fml.loading.UniqueModListBuilder/]: Found 2 mods for first modid draconicevolution, selecting most recent based on version data
[029月2025 22:09:08.186] [main/DEBUG] [net.minecraftforge.fml.loading.UniqueModListBuilder/]: Selected file draconic-evolution-223565-6065044_mapped_official_1.20.1.jar for modid draconicevolution with version 3.1.2.604
[029月2025 22:09:08.186] [main/DEBUG] [net.minecraftforge.fml.loading.UniqueModListBuilder/]: Found 2 mods for first modid dummmmmmy, selecting most recent based on version data
[029月2025 22:09:08.186] [main/DEBUG] [net.minecraftforge.fml.loading.UniqueModListBuilder/]: Selected file mmmmmmmmmmmm-225738-6860192_mapped_official_1.20.1.jar for modid dummmmmmy with version 1.20-2.0.9
[029月2025 22:09:08.186] [main/DEBUG] [net.minecraftforge.fml.loading.UniqueModListBuilder/]: Found 2 mods for first modid codechickenlib, selecting most recent based on version data
[029月2025 22:09:08.186] [main/DEBUG] [net.minecraftforge.fml.loading.UniqueModListBuilder/]: Selected file codechicken-lib-1-8-242818-5753868_mapped_official_1.20.1.jar for modid codechickenlib with version 4.4.0.516
[029月2025 22:09:08.186] [main/DEBUG] [net.minecraftforge.fml.loading.UniqueModListBuilder/]: Found 2 mods for first modid curios, selecting most recent based on version data
[029月2025 22:09:08.186] [main/DEBUG] [net.minecraftforge.fml.loading.UniqueModListBuilder/]: Selected file curios-309927-6418456_mapped_official_1.20.1.jar for modid curios with version 5.14.1+1.20.1
[029月2025 22:09:08.186] [main/DEBUG] [net.minecraftforge.fml.loading.UniqueModListBuilder/]: Found 2 mods for first modid patchouli, selecting most recent based on version data
[029月2025 22:09:08.186] [main/DEBUG] [net.minecraftforge.fml.loading.UniqueModListBuilder/]: Selected file Patchouli-1.20.1-84.1-FORGE_mapped_official_1.20.1.jar for modid patchouli with version 1.20.1-84.1-FORGE
[029月2025 22:09:08.186] [main/DEBUG] [net.minecraftforge.fml.loading.UniqueModListBuilder/]: Found 2 mods for first modid brandonscore, selecting most recent based on version data
[029月2025 22:09:08.186] [main/DEBUG] [net.minecraftforge.fml.loading.UniqueModListBuilder/]: Selected file brandons-core-231382-5422013_mapped_official_1.20.1.jar for modid brandonscore with version 3.2.1.302
[029月2025 22:09:08.202] [main/DEBUG] [net.minecraftforge.fml.loading.moddiscovery.AbstractJarFileDependencyLocator/]: Failed to load resource META-INF\jarjar\metadata.json from forge-1.20.1-47.4.0_mapped_official_1.20.1.jar, it does not contain dependency information.
[029月2025 22:09:08.202] [main/DEBUG] [net.minecraftforge.fml.loading.moddiscovery.AbstractJarFileDependencyLocator/]: Failed to load resource META-INF\jarjar\metadata.json from jade-324717-4986594_mapped_official_1.20.1.jar, it does not contain dependency information.
[029月2025 22:09:08.202] [main/DEBUG] [net.minecraftforge.fml.loading.moddiscovery.AbstractJarFileDependencyLocator/]: Failed to load resource META-INF\jarjar\metadata.json from main, it does not contain dependency information.
[029月2025 22:09:08.202] [main/DEBUG] [net.minecraftforge.fml.loading.moddiscovery.AbstractJarFileDependencyLocator/]: Failed to load resource META-INF\jarjar\metadata.json from jei-1.20.1-forge-15.2.0.27_mapped_official_1.20.1.jar, it does not contain dependency information.
[029月2025 22:09:08.202] [main/DEBUG] [net.minecraftforge.fml.loading.moddiscovery.AbstractJarFileDependencyLocator/]: Failed to load resource META-INF\jarjar\metadata.json from crafttweaker-239197-6256146_mapped_official_1.20.1.jar, it does not contain dependency information.
[029月2025 22:09:08.202] [main/DEBUG] [net.minecraftforge.fml.loading.moddiscovery.AbstractJarFileDependencyLocator/]: Failed to load resource META-INF\jarjar\metadata.json from draconic-evolution-223565-6065044_mapped_official_1.20.1.jar, it does not contain dependency information.
[029月2025 22:09:08.202] [main/DEBUG] [net.minecraftforge.fml.loading.moddiscovery.AbstractJarFileDependencyLocator/]: Failed to load resource META-INF\jarjar\metadata.json from , it does not contain dependency information.
[029月2025 22:09:08.202] [main/DEBUG] [net.minecraftforge.fml.loading.moddiscovery.AbstractJarFileDependencyLocator/]: Failed to load resource META-INF\jarjar\metadata.json from codechicken-lib-1-8-242818-5753868_mapped_official_1.20.1.jar, it does not contain dependency information.
[029月2025 22:09:08.202] [main/DEBUG] [net.minecraftforge.fml.loading.moddiscovery.AbstractJarFileDependencyLocator/]: Failed to load resource META-INF\jarjar\metadata.json from curios-309927-6418456_mapped_official_1.20.1.jar, it does not contain dependency information.
[029月2025 22:09:08.202] [main/DEBUG] [net.minecraftforge.fml.loading.moddiscovery.AbstractJarFileDependencyLocator/]: Failed to load resource META-INF\jarjar\metadata.json from Patchouli-1.20.1-84.1-FORGE_mapped_official_1.20.1.jar, it does not contain dependency information.
[029月2025 22:09:08.202] [main/DEBUG] [net.minecraftforge.fml.loading.moddiscovery.AbstractJarFileDependencyLocator/]: Failed to load resource META-INF\jarjar\metadata.json from brandons-core-231382-5422013_mapped_official_1.20.1.jar, it does not contain dependency information.
[029月2025 22:09:08.202] [main/DEBUG] [net.minecraftforge.fml.loading.moddiscovery.AbstractJarFileDependencyLocator/]: Failed to load resource META-INF\jarjar\metadata.json from mclanguage-1.20.1-47.4.0.jar, it does not contain dependency information.
[029月2025 22:09:08.202] [main/DEBUG] [net.minecraftforge.fml.loading.moddiscovery.AbstractJarFileDependencyLocator/]: Failed to load resource META-INF\jarjar\metadata.json from javafmllanguage-1.20.1-47.4.0.jar, it does not contain dependency information.
[029月2025 22:09:08.202] [main/DEBUG] [net.minecraftforge.fml.loading.moddiscovery.AbstractJarFileDependencyLocator/]: Failed to load resource META-INF\jarjar\metadata.json from fmlcore-1.20.1-47.4.0.jar, it does not contain dependency information.
[029月2025 22:09:08.202] [main/DEBUG] [net.minecraftforge.fml.loading.moddiscovery.AbstractJarFileDependencyLocator/]: Failed to load resource META-INF\jarjar\metadata.json from lowcodelanguage-1.20.1-47.4.0.jar, it does not contain dependency information.
[029月2025 22:09:08.266] [main/DEBUG] [net.minecraftforge.fml.loading.moddiscovery.ModFileParser/LOADING]: Considering mod file candidate 
[029月2025 22:09:08.266] [main/DEBUG] [net.minecraftforge.fml.loading.moddiscovery.ModFileInfo/LOADING]: Found valid mod file mixinextras-forge-0.2.0-rc.3.jar with {mixinextras} mods - versions {0.2.0-rc.3}
[029月2025 22:09:08.266] [main/DEBUG] [net.minecraftforge.fml.loading.moddiscovery.ModFileParser/LOADING]: Considering mod file candidate 
[029月2025 22:09:08.266] [main/DEBUG] [net.minecraftforge.fml.loading.moddiscovery.ModFileInfo/LOADING]: Found valid mod file mixinextras-forge-0.2.1-beta.2.jar with {mixinextras} mods - versions {0.2.1-beta.2}
[029月2025 22:09:08.266] [main/DEBUG] [net.minecraftforge.fml.loading.moddiscovery.AbstractJarFileDependencyLocator/]: Failed to load resource META-INF\jarjar\metadata.json from MixinExtras-0.2.0-rc.3.jar, it does not contain dependency information.
[029月2025 22:09:08.266] [main/DEBUG] [net.minecraftforge.fml.loading.moddiscovery.AbstractJarFileDependencyLocator/]: Failed to load resource META-INF\jarjar\metadata.json from MixinExtras-0.2.1-beta.2.jar, it does not contain dependency information.
[029月2025 22:09:08.282] [main/DEBUG] [net.minecraftforge.fml.loading.moddiscovery.ModFileParser/LOADING]: Considering mod file candidate 
[029月2025 22:09:08.282] [main/DEBUG] [net.minecraftforge.fml.loading.moddiscovery.ModFileInfo/LOADING]: Found valid mod file mixinextras-forge-0.2.1-beta.2.jar with {mixinextras} mods - versions {0.2.1-beta.2}
[029月2025 22:09:08.299] [main/INFO] [net.minecraftforge.fml.loading.moddiscovery.JarInJarDependencyLocator/]: Found 2 dependencies adding them to mods collection
[029月2025 22:09:08.299] [main/DEBUG] [net.minecraftforge.fml.loading.moddiscovery.ModFileInfo/LOADING]: Found valid mod file forge-1.20.1-47.4.0_mapped_official_1.20.1.jar with {minecraft} mods - versions {1.20.1}
[029月2025 22:09:08.299] [main/DEBUG] [net.minecraftforge.fml.loading.moddiscovery.ModFile/LOADING]: Loading mod file D:\McMod20\Endless-20\build\fg_cache\net\minecraftforge\forge\1.20.1-47.4.0_mapped_official_1.20.1\forge-1.20.1-47.4.0_mapped_official_1.20.1.jar with languages [LanguageSpec[languageName=minecraft, acceptedVersions=1]]
[029月2025 22:09:08.299] [main/DEBUG] [net.minecraftforge.fml.loading.moddiscovery.ModFileParser/LOADING]: Considering mod file candidate C:\Users\26852\.gradle\caches\forge_gradle\deobf_dependencies\curse\maven\selene-499980\4806893_mapped_official_1.20.1\selene-499980-4806893_mapped_official_1.20.1.jar
[029月2025 22:09:08.299] [main/DEBUG] [net.minecraftforge.fml.loading.moddiscovery.ModFileInfo/LOADING]: Found valid mod file selene-499980-4806893_mapped_official_1.20.1.jar with {moonlight} mods - versions {1.20-2.8.51}
[029月2025 22:09:08.299] [main/DEBUG] [net.minecraftforge.fml.loading.moddiscovery.ModFile/LOADING]: Loading mod file C:\Users\26852\.gradle\caches\forge_gradle\deobf_dependencies\curse\maven\selene-499980\4806893_mapped_official_1.20.1\selene-499980-4806893_mapped_official_1.20.1.jar with languages [LanguageSpec[languageName=javafml, acceptedVersions=[40,)]]
[029月2025 22:09:08.299] [main/DEBUG] [net.minecraftforge.fml.loading.moddiscovery.ModFileParser/LOADING]: Considering mod file candidate C:\Users\26852\.gradle\caches\forge_gradle\deobf_dependencies\curse\maven\jade-324717\4986594_mapped_official_1.20.1\jade-324717-4986594_mapped_official_1.20.1.jar
[029月2025 22:09:08.299] [main/DEBUG] [net.minecraftforge.fml.loading.moddiscovery.ModFileInfo/LOADING]: Found valid mod file jade-324717-4986594_mapped_official_1.20.1.jar with {jade} mods - versions {11.7.1}
[029月2025 22:09:08.299] [main/DEBUG] [net.minecraftforge.fml.loading.moddiscovery.ModFile/LOADING]: Loading mod file C:\Users\26852\.gradle\caches\forge_gradle\deobf_dependencies\curse\maven\jade-324717\4986594_mapped_official_1.20.1\jade-324717-4986594_mapped_official_1.20.1.jar with languages [LanguageSpec[languageName=javafml, acceptedVersions=[46,)]]
[029月2025 22:09:08.299] [main/DEBUG] [net.minecraftforge.fml.loading.moddiscovery.ModFileParser/LOADING]: Considering mod file candidate D:\McMod20\Endless-20\build\resources\main
[029月2025 22:09:08.299] [main/DEBUG] [net.minecraftforge.fml.loading.moddiscovery.ModFileInfo/LOADING]: Found valid mod file main with {endless} mods - versions {1.20.1-0.1-B8}
[029月2025 22:09:08.299] [main/DEBUG] [net.minecraftforge.fml.loading.moddiscovery.ModFile/LOADING]: Loading mod file D:\McMod20\Endless-20\build\resources\main with languages [LanguageSpec[languageName=javafml, acceptedVersions=[47,)]]
[029月2025 22:09:08.299] [main/DEBUG] [net.minecraftforge.fml.loading.moddiscovery.ModFileParser/LOADING]: Considering mod file candidate C:\Users\26852\.gradle\caches\forge_gradle\deobf_dependencies\mezz\jei\jei-1.20.1-forge\15.2.0.27_mapped_official_1.20.1\jei-1.20.1-forge-15.2.0.27_mapped_official_1.20.1.jar
[029月2025 22:09:08.299] [main/DEBUG] [net.minecraftforge.fml.loading.moddiscovery.ModFileInfo/LOADING]: Found valid mod file jei-1.20.1-forge-15.2.0.27_mapped_official_1.20.1.jar with {jei} mods - versions {15.2.0.27}
[029月2025 22:09:08.299] [main/DEBUG] [net.minecraftforge.fml.loading.moddiscovery.ModFile/LOADING]: Loading mod file C:\Users\26852\.gradle\caches\forge_gradle\deobf_dependencies\mezz\jei\jei-1.20.1-forge\15.2.0.27_mapped_official_1.20.1\jei-1.20.1-forge-15.2.0.27_mapped_official_1.20.1.jar with languages [LanguageSpec[languageName=javafml, acceptedVersions=[47,)]]
[029月2025 22:09:08.299] [main/DEBUG] [net.minecraftforge.fml.loading.moddiscovery.ModFileParser/LOADING]: Considering mod file candidate C:\Users\26852\.gradle\caches\forge_gradle\deobf_dependencies\curse\maven\crafttweaker-239197\6256146_mapped_official_1.20.1\crafttweaker-239197-6256146_mapped_official_1.20.1.jar
[029月2025 22:09:08.299] [main/DEBUG] [net.minecraftforge.fml.loading.moddiscovery.ModFileInfo/LOADING]: Found valid mod file crafttweaker-239197-6256146_mapped_official_1.20.1.jar with {crafttweaker} mods - versions {14.0.57}
[029月2025 22:09:08.299] [main/DEBUG] [net.minecraftforge.fml.loading.moddiscovery.ModFile/LOADING]: Loading mod file C:\Users\26852\.gradle\caches\forge_gradle\deobf_dependencies\curse\maven\crafttweaker-239197\6256146_mapped_official_1.20.1\crafttweaker-239197-6256146_mapped_official_1.20.1.jar with languages [LanguageSpec[languageName=javafml, acceptedVersions=[39,)]]
[029月2025 22:09:08.299] [main/DEBUG] [net.minecraftforge.fml.loading.moddiscovery.ModFileParser/LOADING]: Considering mod file candidate C:\Users\26852\.gradle\caches\forge_gradle\deobf_dependencies\curse\maven\draconic-evolution-223565\6065044_mapped_official_1.20.1\draconic-evolution-223565-6065044_mapped_official_1.20.1.jar
[029月2025 22:09:08.299] [main/DEBUG] [net.minecraftforge.fml.loading.moddiscovery.ModFileInfo/LOADING]: Found valid mod file draconic-evolution-223565-6065044_mapped_official_1.20.1.jar with {draconicevolution} mods - versions {3.1.2.604}
[029月2025 22:09:08.299] [main/DEBUG] [net.minecraftforge.fml.loading.moddiscovery.ModFile/LOADING]: Loading mod file C:\Users\26852\.gradle\caches\forge_gradle\deobf_dependencies\curse\maven\draconic-evolution-223565\6065044_mapped_official_1.20.1\draconic-evolution-223565-6065044_mapped_official_1.20.1.jar with languages [LanguageSpec[languageName=javafml, acceptedVersions=[47,)]]
[029月2025 22:09:08.299] [main/DEBUG] [net.minecraftforge.fml.loading.moddiscovery.ModFileParser/LOADING]: Considering mod file candidate /
[029月2025 22:09:08.299] [main/DEBUG] [net.minecraftforge.fml.loading.moddiscovery.ModFileInfo/LOADING]: Found valid mod file  with {forge} mods - versions {47.4.0}
[029月2025 22:09:08.299] [main/DEBUG] [net.minecraftforge.fml.loading.moddiscovery.ModFile/LOADING]: Loading mod file / with languages [LanguageSpec[languageName=javafml, acceptedVersions=[24,]]]
[029月2025 22:09:08.299] [main/DEBUG] [net.minecraftforge.fml.loading.moddiscovery.ModFileParser/LOADING]: Found coremod field_to_method with Javascript path coremods/field_to_method.js
[029月2025 22:09:08.299] [main/DEBUG] [net.minecraftforge.fml.loading.moddiscovery.ModFileParser/LOADING]: Found coremod field_to_instanceof with Javascript path coremods/field_to_instanceof.js
[029月2025 22:09:08.299] [main/DEBUG] [net.minecraftforge.fml.loading.moddiscovery.ModFileParser/LOADING]: Found coremod add_bouncer_method with Javascript path coremods/add_bouncer_method.js
[029月2025 22:09:08.299] [main/DEBUG] [net.minecraftforge.fml.loading.moddiscovery.ModFileParser/LOADING]: Found coremod method_redirector with Javascript path coremods/method_redirector.js
[029月2025 22:09:08.299] [main/DEBUG] [net.minecraftforge.fml.loading.moddiscovery.ModFile/LOADING]: Found coremod coremods/field_to_method.js
[029月2025 22:09:08.299] [main/DEBUG] [net.minecraftforge.fml.loading.moddiscovery.ModFile/LOADING]: Found coremod coremods/field_to_instanceof.js
[029月2025 22:09:08.299] [main/DEBUG] [net.minecraftforge.fml.loading.moddiscovery.ModFile/LOADING]: Found coremod coremods/add_bouncer_method.js
[029月2025 22:09:08.299] [main/DEBUG] [net.minecraftforge.fml.loading.moddiscovery.ModFile/LOADING]: Found coremod coremods/method_redirector.js
[029月2025 22:09:08.299] [main/DEBUG] [net.minecraftforge.fml.loading.moddiscovery.ModFileParser/LOADING]: Considering mod file candidate C:\Users\26852\.gradle\caches\forge_gradle\deobf_dependencies\curse\maven\mmmmmmmmmmmm-225738\6860192_mapped_official_1.20.1\mmmmmmmmmmmm-225738-6860192_mapped_official_1.20.1.jar
[029月2025 22:09:08.299] [main/DEBUG] [net.minecraftforge.fml.loading.moddiscovery.ModFileInfo/LOADING]: Found valid mod file mmmmmmmmmmmm-225738-6860192_mapped_official_1.20.1.jar with {dummmmmmy} mods - versions {1.20-2.0.9}
[029月2025 22:09:08.299] [main/DEBUG] [net.minecraftforge.fml.loading.moddiscovery.ModFile/LOADING]: Loading mod file C:\Users\26852\.gradle\caches\forge_gradle\deobf_dependencies\curse\maven\mmmmmmmmmmmm-225738\6860192_mapped_official_1.20.1\mmmmmmmmmmmm-225738-6860192_mapped_official_1.20.1.jar with languages [LanguageSpec[languageName=javafml, acceptedVersions=[40,)]]
[029月2025 22:09:08.299] [main/DEBUG] [net.minecraftforge.fml.loading.moddiscovery.ModFileParser/LOADING]: Considering mod file candidate C:\Users\26852\.gradle\caches\forge_gradle\deobf_dependencies\curse\maven\curios-309927\6418456_mapped_official_1.20.1\curios-309927-6418456_mapped_official_1.20.1.jar
[029月2025 22:09:08.299] [main/DEBUG] [net.minecraftforge.fml.loading.moddiscovery.ModFileInfo/LOADING]: Found valid mod file curios-309927-6418456_mapped_official_1.20.1.jar with {curios} mods - versions {5.14.1+1.20.1}
[029月2025 22:09:08.299] [main/DEBUG] [net.minecraftforge.fml.loading.moddiscovery.ModFile/LOADING]: Loading mod file C:\Users\26852\.gradle\caches\forge_gradle\deobf_dependencies\curse\maven\curios-309927\6418456_mapped_official_1.20.1\curios-309927-6418456_mapped_official_1.20.1.jar with languages [LanguageSpec[languageName=javafml, acceptedVersions=[41,)]]
[029月2025 22:09:08.299] [main/DEBUG] [net.minecraftforge.fml.loading.moddiscovery.ModFileParser/LOADING]: Considering mod file candidate C:\Users\26852\.gradle\caches\forge_gradle\deobf_dependencies\curse\maven\codechicken-lib-1-8-242818\5753868_mapped_official_1.20.1\codechicken-lib-1-8-242818-5753868_mapped_official_1.20.1.jar
[029月2025 22:09:08.299] [main/DEBUG] [net.minecraftforge.fml.loading.moddiscovery.ModFileInfo/LOADING]: Found valid mod file codechicken-lib-1-8-242818-5753868_mapped_official_1.20.1.jar with {codechickenlib} mods - versions {4.4.0.516}
[029月2025 22:09:08.299] [main/DEBUG] [net.minecraftforge.fml.loading.moddiscovery.ModFile/LOADING]: Loading mod file C:\Users\26852\.gradle\caches\forge_gradle\deobf_dependencies\curse\maven\codechicken-lib-1-8-242818\5753868_mapped_official_1.20.1\codechicken-lib-1-8-242818-5753868_mapped_official_1.20.1.jar with languages [LanguageSpec[languageName=javafml, acceptedVersions=[47,)]]
[029月2025 22:09:08.299] [main/DEBUG] [net.minecraftforge.fml.loading.moddiscovery.ModFileParser/LOADING]: Considering mod file candidate C:\Users\26852\.gradle\caches\forge_gradle\deobf_dependencies\vazkii\patchouli\Patchouli\1.20.1-84.1-FORGE_mapped_official_1.20.1\Patchouli-1.20.1-84.1-FORGE_mapped_official_1.20.1.jar
[029月2025 22:09:08.299] [main/DEBUG] [net.minecraftforge.fml.loading.moddiscovery.ModFileInfo/LOADING]: Found valid mod file Patchouli-1.20.1-84.1-FORGE_mapped_official_1.20.1.jar with {patchouli} mods - versions {1.20.1-84.1-FORGE}
[029月2025 22:09:08.299] [main/DEBUG] [net.minecraftforge.fml.loading.moddiscovery.ModFile/LOADING]: Loading mod file C:\Users\26852\.gradle\caches\forge_gradle\deobf_dependencies\vazkii\patchouli\Patchouli\1.20.1-84.1-FORGE_mapped_official_1.20.1\Patchouli-1.20.1-84.1-FORGE_mapped_official_1.20.1.jar with languages [LanguageSpec[languageName=javafml, acceptedVersions=[47,)]]
[029月2025 22:09:08.299] [main/DEBUG] [net.minecraftforge.fml.loading.moddiscovery.ModFileParser/LOADING]: Considering mod file candidate C:\Users\26852\.gradle\caches\forge_gradle\deobf_dependencies\curse\maven\brandons-core-231382\5422013_mapped_official_1.20.1\brandons-core-231382-5422013_mapped_official_1.20.1.jar
[029月2025 22:09:08.299] [main/DEBUG] [net.minecraftforge.fml.loading.moddiscovery.ModFileInfo/LOADING]: Found valid mod file brandons-core-231382-5422013_mapped_official_1.20.1.jar with {brandonscore} mods - versions {3.2.1.302}
[029月2025 22:09:08.299] [main/DEBUG] [net.minecraftforge.fml.loading.moddiscovery.ModFile/LOADING]: Loading mod file C:\Users\26852\.gradle\caches\forge_gradle\deobf_dependencies\curse\maven\brandons-core-231382\5422013_mapped_official_1.20.1\brandons-core-231382-5422013_mapped_official_1.20.1.jar with languages [LanguageSpec[languageName=javafml, acceptedVersions=[47,)]]
[029月2025 22:09:08.299] [main/DEBUG] [net.minecraftforge.fml.loading.moddiscovery.ModFileParser/LOADING]: Considering mod file candidate 
[029月2025 22:09:08.299] [main/DEBUG] [net.minecraftforge.fml.loading.moddiscovery.ModFileInfo/LOADING]: Found valid mod file mixinextras-forge-0.2.1-beta.2.jar with {mixinextras} mods - versions {0.2.1-beta.2}
[029月2025 22:09:08.299] [main/DEBUG] [net.minecraftforge.fml.loading.moddiscovery.ModFile/LOADING]: Loading mod file  with languages [LanguageSpec[languageName=javafml, acceptedVersions=*]]
[029月2025 22:09:08.299] [main/DEBUG] [net.minecraftforge.fml.loading.moddiscovery.ModFile/LOADING]: Loading mod file  with languages []
[029月2025 22:09:08.299] [main/DEBUG] [net.minecraftforge.fml.loading.moddiscovery.ModFileParser/LOADING]: Considering mod file candidate 
[029月2025 22:09:08.299] [main/DEBUG] [net.minecraftforge.fml.loading.moddiscovery.ModFileInfo/LOADING]: Found valid mod file mixinextras-forge-0.2.1-beta.2.jar with {mixinextras} mods - versions {0.2.1-beta.2}
[029月2025 22:09:08.299] [main/DEBUG] [net.minecraftforge.fml.loading.moddiscovery.ModFile/LOADING]: Loading mod file  with languages [LanguageSpec[languageName=javafml, acceptedVersions=*]]
[029月2025 22:09:08.299] [main/DEBUG] [net.minecraftforge.fml.loading.moddiscovery.ModFile/LOADING]: Loading mod file  with languages []
[029月2025 22:09:08.299] [main/DEBUG] [cpw.mods.modlauncher.TransformationServiceDecorator/MODLAUNCHER]: End scan trigger - transformation service fml
[029月2025 22:09:08.314] [main/DEBUG] [net.minecraftforge.fml.loading.LanguageLoadingProvider/CORE]: Found 3 language providers
[029月2025 22:09:08.314] [main/DEBUG] [net.minecraftforge.fml.loading.LanguageLoadingProvider/CORE]: Found language provider minecraft, version 1.0
[029月2025 22:09:08.314] [main/DEBUG] [net.minecraftforge.fml.loading.LanguageLoadingProvider/CORE]: Found language provider lowcodefml, version 47
[029月2025 22:09:08.314] [main/DEBUG] [net.minecraftforge.fml.loading.LanguageLoadingProvider/CORE]: Found language provider javafml, version 47
[029月2025 22:09:08.330] [main/DEBUG] [net.minecraftforge.fml.loading.UniqueModListBuilder/]: Found 2 mods for first modid mixinextras, selecting most recent based on version data
[029月2025 22:09:08.330] [main/DEBUG] [net.minecraftforge.fml.loading.UniqueModListBuilder/]: Selected file mixinextras-forge-0.2.1-beta.2.jar for modid mixinextras with version 0.2.1-beta.2
[029月2025 22:09:08.330] [main/DEBUG] [net.minecraftforge.fml.loading.UniqueModListBuilder/]: Found 2 mods for first modid MixinExtras.beta._2, selecting most recent based on version data
[029月2025 22:09:08.330] [main/DEBUG] [net.minecraftforge.fml.loading.UniqueModListBuilder/]: Selected file MixinExtras-0.2.1-beta.2.jar for modid MixinExtras.beta._2 with version 0.0NONE
[029月2025 22:09:08.330] [main/DEBUG] [net.minecraftforge.fml.loading.ModSorter/]: Configured system mods: [minecraft, forge]
[029月2025 22:09:08.330] [main/DEBUG] [net.minecraftforge.fml.loading.ModSorter/]: Found system mod: minecraft
[029月2025 22:09:08.330] [main/DEBUG] [net.minecraftforge.fml.loading.ModSorter/]: Found system mod: forge
[029月2025 22:09:08.330] [main/DEBUG] [net.minecraftforge.fml.loading.ModSorter/LOADING]: Found 27 mod requirements (25 mandatory, 2 optional)
[029月2025 22:09:08.330] [main/DEBUG] [net.minecraftforge.fml.loading.ModSorter/LOADING]: Found 0 mod requirements missing (0 mandatory, 0 optional)
[029月2025 22:09:08.617] [main/DEBUG] [net.minecraftforge.fml.loading.MCPNamingService/CORE]: Loaded 33222 method mappings from methods.csv
[029月2025 22:09:08.633] [main/DEBUG] [net.minecraftforge.fml.loading.MCPNamingService/CORE]: Loaded 31003 field mappings from fields.csv
[029月2025 22:09:08.697] [main/DEBUG] [cpw.mods.modlauncher.TransformationServicesHandler/MODLAUNCHER]: Transformation services loading transformers
[029月2025 22:09:08.697] [main/DEBUG] [cpw.mods.modlauncher.TransformationServiceDecorator/MODLAUNCHER]: Initializing transformers for transformation service mixin
[029月2025 22:09:08.697] [main/DEBUG] [cpw.mods.modlauncher.TransformationServiceDecorator/MODLAUNCHER]: Initialized transformers for transformation service mixin
[029月2025 22:09:08.697] [main/DEBUG] [cpw.mods.modlauncher.TransformationServiceDecorator/MODLAUNCHER]: Initializing transformers for transformation service fml
[029月2025 22:09:08.697] [main/DEBUG] [net.minecraftforge.fml.loading.FMLServiceProvider/CORE]: Loading coremod transformers
[029月2025 22:09:08.697] [main/DEBUG] [net.minecraftforge.coremod.CoreModEngine/COREMOD]: Loading CoreMod from coremods/field_to_method.js
[029月2025 22:09:09.096] [main/DEBUG] [net.minecraftforge.coremod.CoreModEngine/COREMOD]: CoreMod loaded successfully
[029月2025 22:09:09.096] [main/DEBUG] [net.minecraftforge.coremod.CoreModEngine/COREMOD]: Loading CoreMod from coremods/field_to_instanceof.js
[029月2025 22:09:09.240] [main/DEBUG] [net.minecraftforge.coremod.CoreModEngine/COREMOD]: CoreMod loaded successfully
[029月2025 22:09:09.240] [main/DEBUG] [net.minecraftforge.coremod.CoreModEngine/COREMOD]: Loading CoreMod from coremods/add_bouncer_method.js
[029月2025 22:09:09.288] [main/DEBUG] [net.minecraftforge.coremod.CoreModEngine/COREMOD]: CoreMod loaded successfully
[029月2025 22:09:09.288] [main/DEBUG] [net.minecraftforge.coremod.CoreModEngine/COREMOD]: Loading CoreMod from coremods/method_redirector.js
[029月2025 22:09:09.367] [main/DEBUG] [net.minecraftforge.coremod.CoreModEngine/COREMOD]: CoreMod loaded successfully
[029月2025 22:09:09.399] [main/DEBUG] [cpw.mods.modlauncher.TransformStore/MODLAUNCHER]: Adding transformer net.minecraftforge.coremod.transformer.CoreModClassTransformer@31b7d869 to Target : CLASS {Lnet/minecraft/world/level/biome/Biome;} {} {V}
[029月2025 22:09:09.399] [main/DEBUG] [cpw.mods.modlauncher.TransformStore/MODLAUNCHER]: Adding transformer net.minecraftforge.coremod.transformer.CoreModClassTransformer@2f74900b to Target : CLASS {Lnet/minecraft/world/level/levelgen/structure/Structure;} {} {V}
[029月2025 22:09:09.399] [main/DEBUG] [cpw.mods.modlauncher.TransformStore/MODLAUNCHER]: Adding transformer net.minecraftforge.coremod.transformer.CoreModClassTransformer@6d8796c1 to Target : CLASS {Lnet/minecraft/world/effect/MobEffectInstance;} {} {V}
[029月2025 22:09:09.399] [main/DEBUG] [cpw.mods.modlauncher.TransformStore/MODLAUNCHER]: Adding transformer net.minecraftforge.coremod.transformer.CoreModClassTransformer@2e26173 to Target : CLASS {Lnet/minecraft/world/level/block/LiquidBlock;} {} {V}
[029月2025 22:09:09.399] [main/DEBUG] [cpw.mods.modlauncher.TransformStore/MODLAUNCHER]: Adding transformer net.minecraftforge.coremod.transformer.CoreModClassTransformer@27be17c8 to Target : CLASS {Lnet/minecraft/world/item/BucketItem;} {} {V}
[029月2025 22:09:09.399] [main/DEBUG] [cpw.mods.modlauncher.TransformStore/MODLAUNCHER]: Adding transformer net.minecraftforge.coremod.transformer.CoreModClassTransformer@2c413ffc to Target : CLASS {Lnet/minecraft/world/level/block/StairBlock;} {} {V}
[029月2025 22:09:09.399] [main/DEBUG] [cpw.mods.modlauncher.TransformStore/MODLAUNCHER]: Adding transformer net.minecraftforge.coremod.transformer.CoreModClassTransformer@7d21852b to Target : CLASS {Lnet/minecraft/world/level/block/FlowerPotBlock;} {} {V}
[029月2025 22:09:09.399] [main/DEBUG] [cpw.mods.modlauncher.TransformStore/MODLAUNCHER]: Adding transformer net.minecraftforge.coremod.transformer.CoreModClassTransformer@6cd98a05 to Target : CLASS {Lnet/minecraft/world/item/ItemStack;} {} {V}
[029月2025 22:09:09.399] [main/DEBUG] [cpw.mods.modlauncher.TransformStore/MODLAUNCHER]: Adding transformer net.minecraftforge.coremod.transformer.CoreModClassTransformer@3b8ec001 to Target : CLASS {Lnet/minecraft/network/play/client/CClientSettingsPacket;} {} {V}
[029月2025 22:09:09.399] [main/DEBUG] [cpw.mods.modlauncher.TransformStore/MODLAUNCHER]: Adding transformer net.minecraftforge.coremod.transformer.CoreModClassTransformer@1e95b653 to Target : CLASS {Lnet/minecraft/server/commands/RaidCommand;} {} {V}
[029月2025 22:09:09.399] [main/DEBUG] [cpw.mods.modlauncher.TransformStore/MODLAUNCHER]: Adding transformer net.minecraftforge.coremod.transformer.CoreModClassTransformer@1e95b653 to Target : CLASS {Lnet/minecraft/world/entity/monster/ZombieVillager;} {} {V}
[029月2025 22:09:09.399] [main/DEBUG] [cpw.mods.modlauncher.TransformStore/MODLAUNCHER]: Adding transformer net.minecraftforge.coremod.transformer.CoreModClassTransformer@1e95b653 to Target : CLASS {Lnet/minecraft/world/entity/npc/CatSpawner;} {} {V}
[029月2025 22:09:09.399] [main/DEBUG] [cpw.mods.modlauncher.TransformStore/MODLAUNCHER]: Adding transformer net.minecraftforge.coremod.transformer.CoreModClassTransformer@1e95b653 to Target : CLASS {Lnet/minecraft/world/entity/EntityType;} {} {V}
[029月2025 22:09:09.399] [main/DEBUG] [cpw.mods.modlauncher.TransformStore/MODLAUNCHER]: Adding transformer net.minecraftforge.coremod.transformer.CoreModClassTransformer@1e95b653 to Target : CLASS {Lnet/minecraft/world/level/levelgen/PatrolSpawner;} {} {V}
[029月2025 22:09:09.399] [main/DEBUG] [cpw.mods.modlauncher.TransformStore/MODLAUNCHER]: Adding transformer net.minecraftforge.coremod.transformer.CoreModClassTransformer@1e95b653 to Target : CLASS {Lnet/minecraft/world/level/levelgen/PhantomSpawner;} {} {V}
[029月2025 22:09:09.399] [main/DEBUG] [cpw.mods.modlauncher.TransformStore/MODLAUNCHER]: Adding transformer net.minecraftforge.coremod.transformer.CoreModClassTransformer@1e95b653 to Target : CLASS {Lnet/minecraft/world/entity/animal/horse/SkeletonTrapGoal;} {} {V}
[029月2025 22:09:09.399] [main/DEBUG] [cpw.mods.modlauncher.TransformStore/MODLAUNCHER]: Adding transformer net.minecraftforge.coremod.transformer.CoreModClassTransformer@1e95b653 to Target : CLASS {Lnet/minecraft/world/entity/ai/village/VillageSiege;} {} {V}
[029月2025 22:09:09.399] [main/DEBUG] [cpw.mods.modlauncher.TransformStore/MODLAUNCHER]: Adding transformer net.minecraftforge.coremod.transformer.CoreModClassTransformer@1e95b653 to Target : CLASS {Lnet/minecraft/world/entity/monster/Evoker$EvokerSummonSpellGoal;} {} {V}
[029月2025 22:09:09.399] [main/DEBUG] [cpw.mods.modlauncher.TransformStore/MODLAUNCHER]: Adding transformer net.minecraftforge.coremod.transformer.CoreModClassTransformer@1e95b653 to Target : CLASS {Lnet/minecraft/world/entity/raid/Raid;} {} {V}
[029月2025 22:09:09.399] [main/DEBUG] [cpw.mods.modlauncher.TransformStore/MODLAUNCHER]: Adding transformer net.minecraftforge.coremod.transformer.CoreModClassTransformer@1e95b653 to Target : CLASS {Lnet/minecraft/world/entity/monster/Zombie;} {} {V}
[029月2025 22:09:09.399] [main/DEBUG] [cpw.mods.modlauncher.TransformStore/MODLAUNCHER]: Adding transformer net.minecraftforge.coremod.transformer.CoreModClassTransformer@1e95b653 to Target : CLASS {Lnet/minecraft/world/entity/animal/frog/Tadpole;} {} {V}
[029月2025 22:09:09.399] [main/DEBUG] [cpw.mods.modlauncher.TransformStore/MODLAUNCHER]: Adding transformer net.minecraftforge.coremod.transformer.CoreModClassTransformer@1e95b653 to Target : CLASS {Lnet/minecraft/world/level/levelgen/structure/structures/WoodlandMansionPieces$WoodlandMansionPiece;} {} {V}
[029月2025 22:09:09.399] [main/DEBUG] [cpw.mods.modlauncher.TransformStore/MODLAUNCHER]: Adding transformer net.minecraftforge.coremod.transformer.CoreModClassTransformer@1e95b653 to Target : CLASS {Lnet/minecraft/world/level/levelgen/structure/templatesystem/StructureTemplate;} {} {V}
[029月2025 22:09:09.399] [main/DEBUG] [cpw.mods.modlauncher.TransformStore/MODLAUNCHER]: Adding transformer net.minecraftforge.coremod.transformer.CoreModClassTransformer@1e95b653 to Target : CLASS {Lnet/minecraft/world/level/levelgen/structure/structures/OceanRuinPieces$OceanRuinPiece;} {} {V}
[029月2025 22:09:09.399] [main/DEBUG] [cpw.mods.modlauncher.TransformStore/MODLAUNCHER]: Adding transformer net.minecraftforge.coremod.transformer.CoreModClassTransformer@1e95b653 to Target : CLASS {Lnet/minecraft/world/level/NaturalSpawner;} {} {V}
[029月2025 22:09:09.399] [main/DEBUG] [cpw.mods.modlauncher.TransformStore/MODLAUNCHER]: Adding transformer net.minecraftforge.coremod.transformer.CoreModClassTransformer@1e95b653 to Target : CLASS {Lnet/minecraft/server/commands/SummonCommand;} {} {V}
[029月2025 22:09:09.399] [main/DEBUG] [cpw.mods.modlauncher.TransformStore/MODLAUNCHER]: Adding transformer net.minecraftforge.coremod.transformer.CoreModClassTransformer@1e95b653 to Target : CLASS {Lnet/minecraft/world/entity/monster/Strider;} {} {V}
[029月2025 22:09:09.399] [main/DEBUG] [cpw.mods.modlauncher.TransformStore/MODLAUNCHER]: Adding transformer net.minecraftforge.coremod.transformer.CoreModClassTransformer@1e95b653 to Target : CLASS {Lnet/minecraft/world/entity/npc/Villager;} {} {V}
[029月2025 22:09:09.399] [main/DEBUG] [cpw.mods.modlauncher.TransformStore/MODLAUNCHER]: Adding transformer net.minecraftforge.coremod.transformer.CoreModClassTransformer@1e95b653 to Target : CLASS {Lnet/minecraft/world/entity/monster/Spider;} {} {V}
[029月2025 22:09:09.399] [main/DEBUG] [cpw.mods.modlauncher.TransformStore/MODLAUNCHER]: Adding transformer net.minecraftforge.coremod.transformer.CoreModClassTransformer@1e95b653 to Target : CLASS {Lnet/minecraft/world/level/levelgen/structure/structures/OceanMonumentPieces$OceanMonumentPiece;} {} {V}
[029月2025 22:09:09.399] [main/DEBUG] [cpw.mods.modlauncher.TransformStore/MODLAUNCHER]: Adding transformer net.minecraftforge.coremod.transformer.CoreModClassTransformer@1e95b653 to Target : CLASS {Lnet/minecraft/world/level/levelgen/structure/structures/SwampHutPiece;} {} {V}
[029月2025 22:09:09.399] [main/DEBUG] [cpw.mods.modlauncher.TransformationServiceDecorator/MODLAUNCHER]: Initialized transformers for transformation service fml
[029月2025 22:09:09.700] [main/DEBUG] [mixin/]: Processing prepare() for PlatformAgent[MixinPlatformAgentDefault:ModLauncher Root Container(ModLauncher:4f56a0a2)]
[029月2025 22:09:09.700] [main/DEBUG] [mixin/]: Registering mixin config: endless.mixins.json
[029月2025 22:09:09.732] [main/DEBUG] [mixin/]: Compatibility level JAVA_17 specified by endless.mixins.json is higher than the maximum level supported by this version of mixin (JAVA_13).
[029月2025 22:09:09.732] [main/INFO] [mixin/]: Compatibility level set to JAVA_17
[029月2025 22:09:09.732] [main/DEBUG] [mixin/]: Registering mixin config: endless.mixins.json
[029月2025 22:09:09.732] [main/DEBUG] [mixin/]: Processing launch tasks for PlatformAgent[MixinPlatformAgentDefault:ModLauncher Root Container(ModLauncher:4f56a0a2)]
[029月2025 22:09:09.732] [main/DEBUG] [mixin/]: Adding mixin platform agents for container SecureJarResource(minecraft)
[029月2025 22:09:09.732] [main/DEBUG] [mixin/]: Instancing new MixinPlatformAgentMinecraftForge for SecureJarResource(minecraft)
[029月2025 22:09:09.732] [main/DEBUG] [mixin/]: MixinPlatformAgentMinecraftForge rejected container SecureJarResource(minecraft)
[029月2025 22:09:09.732] [main/DEBUG] [mixin/]: Instancing new MixinPlatformAgentDefault for SecureJarResource(minecraft)
[029月2025 22:09:09.732] [main/DEBUG] [mixin/]: MixinPlatformAgentDefault accepted container SecureJarResource(minecraft)
[029月2025 22:09:09.732] [main/DEBUG] [mixin/]: Processing prepare() for PlatformAgent[MixinPlatformAgentDefault:SecureJarResource(minecraft)]
[029月2025 22:09:09.732] [main/DEBUG] [mixin/]: Adding mixin platform agents for container SecureJarResource(mixinextras)
[029月2025 22:09:09.732] [main/DEBUG] [mixin/]: Instancing new MixinPlatformAgentMinecraftForge for SecureJarResource(mixinextras)
[029月2025 22:09:09.732] [main/DEBUG] [mixin/]: MixinPlatformAgentMinecraftForge rejected container SecureJarResource(mixinextras)
[029月2025 22:09:09.732] [main/DEBUG] [mixin/]: Instancing new MixinPlatformAgentDefault for SecureJarResource(mixinextras)
[029月2025 22:09:09.732] [main/DEBUG] [mixin/]: MixinPlatformAgentDefault accepted container SecureJarResource(mixinextras)
[029月2025 22:09:09.732] [main/DEBUG] [mixin/]: Processing prepare() for PlatformAgent[MixinPlatformAgentDefault:SecureJarResource(mixinextras)]
[029月2025 22:09:09.732] [main/DEBUG] [mixin/]: Registering mixin config: mixinextras.init.mixins.json
[029月2025 22:09:09.732] [main/DEBUG] [mixin/]: Adding mixin platform agents for container SecureJarResource(moonlight)
[029月2025 22:09:09.732] [main/DEBUG] [mixin/]: Instancing new MixinPlatformAgentMinecraftForge for SecureJarResource(moonlight)
[029月2025 22:09:09.732] [main/DEBUG] [mixin/]: MixinPlatformAgentMinecraftForge rejected container SecureJarResource(moonlight)
[029月2025 22:09:09.732] [main/DEBUG] [mixin/]: Instancing new MixinPlatformAgentDefault for SecureJarResource(moonlight)
[029月2025 22:09:09.732] [main/DEBUG] [mixin/]: MixinPlatformAgentDefault accepted container SecureJarResource(moonlight)
[029月2025 22:09:09.732] [main/DEBUG] [mixin/]: Processing prepare() for PlatformAgent[MixinPlatformAgentDefault:SecureJarResource(moonlight)]
[029月2025 22:09:09.732] [main/DEBUG] [mixin/]: Registering mixin config: moonlight-common.mixins.json
[029月2025 22:09:09.732] [main/DEBUG] [mixin/]: Registering mixin config: moonlight.mixins.json
[029月2025 22:09:09.732] [main/DEBUG] [mixin/]: Adding mixin platform agents for container SecureJarResource(jade)
[029月2025 22:09:09.732] [main/DEBUG] [mixin/]: Instancing new MixinPlatformAgentMinecraftForge for SecureJarResource(jade)
[029月2025 22:09:09.732] [main/DEBUG] [mixin/]: MixinPlatformAgentMinecraftForge rejected container SecureJarResource(jade)
[029月2025 22:09:09.732] [main/DEBUG] [mixin/]: Instancing new MixinPlatformAgentDefault for SecureJarResource(jade)
[029月2025 22:09:09.732] [main/DEBUG] [mixin/]: MixinPlatformAgentDefault accepted container SecureJarResource(jade)
[029月2025 22:09:09.732] [main/DEBUG] [mixin/]: Processing prepare() for PlatformAgent[MixinPlatformAgentDefault:SecureJarResource(jade)]
[029月2025 22:09:09.732] [main/DEBUG] [mixin/]: Registering mixin config: jade.mixins.json
[029月2025 22:09:09.732] [main/DEBUG] [mixin/]: Compatibility level JAVA_16 specified by jade.mixins.json is higher than the maximum level supported by this version of mixin (JAVA_13).
[029月2025 22:09:09.732] [main/DEBUG] [mixin/]: Adding mixin platform agents for container SecureJarResource(endless)
[029月2025 22:09:09.732] [main/DEBUG] [mixin/]: Instancing new MixinPlatformAgentMinecraftForge for SecureJarResource(endless)
[029月2025 22:09:09.732] [main/DEBUG] [mixin/]: MixinPlatformAgentMinecraftForge rejected container SecureJarResource(endless)
[029月2025 22:09:09.732] [main/DEBUG] [mixin/]: Instancing new MixinPlatformAgentDefault for SecureJarResource(endless)
[029月2025 22:09:09.732] [main/DEBUG] [mixin/]: MixinPlatformAgentDefault accepted container SecureJarResource(endless)
[029月2025 22:09:09.732] [main/DEBUG] [mixin/]: Processing prepare() for PlatformAgent[MixinPlatformAgentDefault:SecureJarResource(endless)]
[029月2025 22:09:09.732] [main/DEBUG] [mixin/]: Adding mixin platform agents for container SecureJarResource(jei)
[029月2025 22:09:09.732] [main/DEBUG] [mixin/]: Instancing new MixinPlatformAgentMinecraftForge for SecureJarResource(jei)
[029月2025 22:09:09.732] [main/DEBUG] [mixin/]: MixinPlatformAgentMinecraftForge rejected container SecureJarResource(jei)
[029月2025 22:09:09.732] [main/DEBUG] [mixin/]: Instancing new MixinPlatformAgentDefault for SecureJarResource(jei)
[029月2025 22:09:09.732] [main/DEBUG] [mixin/]: MixinPlatformAgentDefault accepted container SecureJarResource(jei)
[029月2025 22:09:09.732] [main/DEBUG] [mixin/]: Processing prepare() for PlatformAgent[MixinPlatformAgentDefault:SecureJarResource(jei)]
[029月2025 22:09:09.732] [main/DEBUG] [mixin/]: Adding mixin platform agents for container SecureJarResource(crafttweaker)
[029月2025 22:09:09.732] [main/DEBUG] [mixin/]: Instancing new MixinPlatformAgentMinecraftForge for SecureJarResource(crafttweaker)
[029月2025 22:09:09.732] [main/DEBUG] [mixin/]: MixinPlatformAgentMinecraftForge rejected container SecureJarResource(crafttweaker)
[029月2025 22:09:09.732] [main/DEBUG] [mixin/]: Instancing new MixinPlatformAgentDefault for SecureJarResource(crafttweaker)
[029月2025 22:09:09.732] [main/DEBUG] [mixin/]: MixinPlatformAgentDefault accepted container SecureJarResource(crafttweaker)
[029月2025 22:09:09.732] [main/DEBUG] [mixin/]: Processing prepare() for PlatformAgent[MixinPlatformAgentDefault:SecureJarResource(crafttweaker)]
[029月2025 22:09:09.732] [main/DEBUG] [mixin/]: Registering mixin config: crafttweaker.mixins.json
[029月2025 22:09:09.732] [main/DEBUG] [mixin/]: Registering mixin config: crafttweaker.forge.mixins.json
[029月2025 22:09:09.748] [main/DEBUG] [mixin/]: Adding mixin platform agents for container SecureJarResource(forge)
[029月2025 22:09:09.748] [main/DEBUG] [mixin/]: Instancing new MixinPlatformAgentMinecraftForge for SecureJarResource(forge)
[029月2025 22:09:09.748] [main/DEBUG] [mixin/]: MixinPlatformAgentMinecraftForge rejected container SecureJarResource(forge)
[029月2025 22:09:09.748] [main/DEBUG] [mixin/]: Instancing new MixinPlatformAgentDefault for SecureJarResource(forge)
[029月2025 22:09:09.748] [main/DEBUG] [mixin/]: MixinPlatformAgentDefault accepted container SecureJarResource(forge)
[029月2025 22:09:09.748] [main/DEBUG] [mixin/]: Processing prepare() for PlatformAgent[MixinPlatformAgentDefault:SecureJarResource(forge)]
[029月2025 22:09:09.748] [main/DEBUG] [mixin/]: Adding mixin platform agents for container SecureJarResource(dummmmmmy)
[029月2025 22:09:09.748] [main/DEBUG] [mixin/]: Instancing new MixinPlatformAgentMinecraftForge for SecureJarResource(dummmmmmy)
[029月2025 22:09:09.748] [main/DEBUG] [mixin/]: MixinPlatformAgentMinecraftForge rejected container SecureJarResource(dummmmmmy)
[029月2025 22:09:09.748] [main/DEBUG] [mixin/]: Instancing new MixinPlatformAgentDefault for SecureJarResource(dummmmmmy)
[029月2025 22:09:09.748] [main/DEBUG] [mixin/]: MixinPlatformAgentDefault accepted container SecureJarResource(dummmmmmy)
[029月2025 22:09:09.748] [main/DEBUG] [mixin/]: Processing prepare() for PlatformAgent[MixinPlatformAgentDefault:SecureJarResource(dummmmmmy)]
[029月2025 22:09:09.748] [main/DEBUG] [mixin/]: Registering mixin config: dummmmmmy-common.mixins.json
[029月2025 22:09:09.748] [main/DEBUG] [mixin/]: Registering mixin config: dummmmmmy.mixins.json
[029月2025 22:09:09.748] [main/DEBUG] [mixin/]: Compatibility level JAVA_16 specified by dummmmmmy.mixins.json is higher than the maximum level supported by this version of mixin (JAVA_13).
[029月2025 22:09:09.748] [main/DEBUG] [mixin/]: Adding mixin platform agents for container SecureJarResource(codechickenlib)
[029月2025 22:09:09.748] [main/DEBUG] [mixin/]: Instancing new MixinPlatformAgentMinecraftForge for SecureJarResource(codechickenlib)
[029月2025 22:09:09.748] [main/DEBUG] [mixin/]: MixinPlatformAgentMinecraftForge rejected container SecureJarResource(codechickenlib)
[029月2025 22:09:09.748] [main/DEBUG] [mixin/]: Instancing new MixinPlatformAgentDefault for SecureJarResource(codechickenlib)
[029月2025 22:09:09.748] [main/DEBUG] [mixin/]: MixinPlatformAgentDefault accepted container SecureJarResource(codechickenlib)
[029月2025 22:09:09.748] [main/DEBUG] [mixin/]: Processing prepare() for PlatformAgent[MixinPlatformAgentDefault:SecureJarResource(codechickenlib)]
[029月2025 22:09:09.748] [main/DEBUG] [mixin/]: Registering mixin config: mixins.codechickenlib.json
[029月2025 22:09:09.748] [main/DEBUG] [mixin/]: Adding mixin platform agents for container SecureJarResource(curios)
[029月2025 22:09:09.748] [main/DEBUG] [mixin/]: Instancing new MixinPlatformAgentMinecraftForge for SecureJarResource(curios)
[029月2025 22:09:09.748] [main/DEBUG] [mixin/]: MixinPlatformAgentMinecraftForge rejected container SecureJarResource(curios)
[029月2025 22:09:09.748] [main/DEBUG] [mixin/]: Instancing new MixinPlatformAgentDefault for SecureJarResource(curios)
[029月2025 22:09:09.748] [main/DEBUG] [mixin/]: MixinPlatformAgentDefault accepted container SecureJarResource(curios)
[029月2025 22:09:09.748] [main/DEBUG] [mixin/]: Processing prepare() for PlatformAgent[MixinPlatformAgentDefault:SecureJarResource(curios)]
[029月2025 22:09:09.748] [main/DEBUG] [mixin/]: Registering mixin config: curios.mixins.json
[029月2025 22:09:09.748] [main/DEBUG] [mixin/]: Adding mixin platform agents for container SecureJarResource(patchouli)
[029月2025 22:09:09.748] [main/DEBUG] [mixin/]: Instancing new MixinPlatformAgentMinecraftForge for SecureJarResource(patchouli)
[029月2025 22:09:09.748] [main/DEBUG] [mixin/]: MixinPlatformAgentMinecraftForge rejected container SecureJarResource(patchouli)
[029月2025 22:09:09.748] [main/DEBUG] [mixin/]: Instancing new MixinPlatformAgentDefault for SecureJarResource(patchouli)
[029月2025 22:09:09.748] [main/DEBUG] [mixin/]: MixinPlatformAgentDefault accepted container SecureJarResource(patchouli)
[029月2025 22:09:09.748] [main/DEBUG] [mixin/]: Processing prepare() for PlatformAgent[MixinPlatformAgentDefault:SecureJarResource(patchouli)]
[029月2025 22:09:09.748] [main/DEBUG] [mixin/]: Registering mixin config: patchouli_xplat.mixins.json
[029月2025 22:09:09.748] [main/DEBUG] [mixin/]: Adding mixin platform agents for container SecureJarResource(brandonscore)
[029月2025 22:09:09.748] [main/DEBUG] [mixin/]: Instancing new MixinPlatformAgentMinecraftForge for SecureJarResource(brandonscore)
[029月2025 22:09:09.748] [main/DEBUG] [mixin/]: MixinPlatformAgentMinecraftForge rejected container SecureJarResource(brandonscore)
[029月2025 22:09:09.748] [main/DEBUG] [mixin/]: Instancing new MixinPlatformAgentDefault for SecureJarResource(brandonscore)
[029月2025 22:09:09.748] [main/DEBUG] [mixin/]: MixinPlatformAgentDefault accepted container SecureJarResource(brandonscore)
[029月2025 22:09:09.748] [main/DEBUG] [mixin/]: Processing prepare() for PlatformAgent[MixinPlatformAgentDefault:SecureJarResource(brandonscore)]
[029月2025 22:09:09.748] [main/DEBUG] [mixin/]: Registering mixin config: mixins.brandonscore.json
[029月2025 22:09:09.748] [main/DEBUG] [mixin/]: Adding mixin platform agents for container SecureJarResource(draconicevolution)
[029月2025 22:09:09.748] [main/DEBUG] [mixin/]: Instancing new MixinPlatformAgentMinecraftForge for SecureJarResource(draconicevolution)
[029月2025 22:09:09.748] [main/DEBUG] [mixin/]: MixinPlatformAgentMinecraftForge rejected container SecureJarResource(draconicevolution)
[029月2025 22:09:09.748] [main/DEBUG] [mixin/]: Instancing new MixinPlatformAgentDefault for SecureJarResource(draconicevolution)
[029月2025 22:09:09.748] [main/DEBUG] [mixin/]: MixinPlatformAgentDefault accepted container SecureJarResource(draconicevolution)
[029月2025 22:09:09.748] [main/DEBUG] [mixin/]: Processing prepare() for PlatformAgent[MixinPlatformAgentDefault:SecureJarResource(draconicevolution)]
[029月2025 22:09:09.748] [main/DEBUG] [mixin/]: Registering mixin config: mixins.draconicevolution.json
[029月2025 22:09:09.748] [main/DEBUG] [mixin/]: Adding mixin platform agents for container SecureJarResource(MixinExtras.beta._2)
[029月2025 22:09:09.748] [main/DEBUG] [mixin/]: Instancing new MixinPlatformAgentMinecraftForge for SecureJarResource(MixinExtras.beta._2)
[029月2025 22:09:09.748] [main/DEBUG] [mixin/]: MixinPlatformAgentMinecraftForge rejected container SecureJarResource(MixinExtras.beta._2)
[029月2025 22:09:09.748] [main/DEBUG] [mixin/]: Instancing new MixinPlatformAgentDefault for SecureJarResource(MixinExtras.beta._2)
[029月2025 22:09:09.748] [main/DEBUG] [mixin/]: MixinPlatformAgentDefault accepted container SecureJarResource(MixinExtras.beta._2)
[029月2025 22:09:09.748] [main/DEBUG] [mixin/]: Processing prepare() for PlatformAgent[MixinPlatformAgentDefault:SecureJarResource(MixinExtras.beta._2)]
[029月2025 22:09:09.748] [main/DEBUG] [mixin/]: inject() running with 16 agents
[029月2025 22:09:09.748] [main/DEBUG] [mixin/]: Processing inject() for PlatformAgent[MixinPlatformAgentDefault:ModLauncher Root Container(ModLauncher:4f56a0a2)]
[029月2025 22:09:09.748] [main/DEBUG] [mixin/]: Processing inject() for PlatformAgent[MixinPlatformAgentDefault:SecureJarResource(minecraft)]
[029月2025 22:09:09.748] [main/DEBUG] [mixin/]: Processing inject() for PlatformAgent[MixinPlatformAgentDefault:SecureJarResource(mixinextras)]
[029月2025 22:09:09.748] [main/DEBUG] [mixin/]: Processing inject() for PlatformAgent[MixinPlatformAgentDefault:SecureJarResource(moonlight)]
[029月2025 22:09:09.748] [main/DEBUG] [mixin/]: Processing inject() for PlatformAgent[MixinPlatformAgentDefault:SecureJarResource(jade)]
[029月2025 22:09:09.748] [main/DEBUG] [mixin/]: Processing inject() for PlatformAgent[MixinPlatformAgentDefault:SecureJarResource(endless)]
[029月2025 22:09:09.748] [main/DEBUG] [mixin/]: Processing inject() for PlatformAgent[MixinPlatformAgentDefault:SecureJarResource(jei)]
[029月2025 22:09:09.748] [main/DEBUG] [mixin/]: Processing inject() for PlatformAgent[MixinPlatformAgentDefault:SecureJarResource(crafttweaker)]
[029月2025 22:09:09.748] [main/DEBUG] [mixin/]: Processing inject() for PlatformAgent[MixinPlatformAgentDefault:SecureJarResource(forge)]
[029月2025 22:09:09.748] [main/DEBUG] [mixin/]: Processing inject() for PlatformAgent[MixinPlatformAgentDefault:SecureJarResource(dummmmmmy)]
[029月2025 22:09:09.748] [main/DEBUG] [mixin/]: Processing inject() for PlatformAgent[MixinPlatformAgentDefault:SecureJarResource(codechickenlib)]
[029月2025 22:09:09.748] [main/DEBUG] [mixin/]: Processing inject() for PlatformAgent[MixinPlatformAgentDefault:SecureJarResource(curios)]
[029月2025 22:09:09.748] [main/DEBUG] [mixin/]: Processing inject() for PlatformAgent[MixinPlatformAgentDefault:SecureJarResource(patchouli)]
[029月2025 22:09:09.748] [main/DEBUG] [mixin/]: Processing inject() for PlatformAgent[MixinPlatformAgentDefault:SecureJarResource(brandonscore)]
[029月2025 22:09:09.748] [main/DEBUG] [mixin/]: Processing inject() for PlatformAgent[MixinPlatformAgentDefault:SecureJarResource(draconicevolution)]
[029月2025 22:09:09.748] [main/DEBUG] [mixin/]: Processing inject() for PlatformAgent[MixinPlatformAgentDefault:SecureJarResource(MixinExtras.beta._2)]
[029月2025 22:09:09.748] [main/INFO] [cpw.mods.modlauncher.LaunchServiceHandler/MODLAUNCHER]: Launching target 'forgedatauserdev' with arguments [--gameDir, ., --assetsDir, C:\Users\26852\.gradle\caches\forge_gradle\assets, --assetIndex, 5, --mod, endless, --all, --output, D:\McMod20\Endless-20\src\generated\resources, --existing, D:\McMod20\Endless-20\src\main\resources]
[029月2025 22:09:09.829] [main/DEBUG] [mixin/]: Error cleaning class output directory: .mixin.out
[029月2025 22:09:09.845] [main/DEBUG] [mixin/]: Preparing mixins for MixinEnvironment[DEFAULT]
[029月2025 22:09:09.845] [main/DEBUG] [mixin/]: Selecting config endless.mixins.json
[029月2025 22:09:09.877] [main/WARN] [mixin/]: Reference map 'endless.refmap.json' for endless.mixins.json could not be read. If this is a development environment you can ignore this message
[029月2025 22:09:09.877] [main/DEBUG] [mixin/]: Selecting config mixinextras.init.mixins.json
[029月2025 22:09:09.941] [main/DEBUG] [MixinExtras|Service/]: com.llamalad7.mixinextras.service.MixinExtrasServiceImpl(version=0.2.1-beta.2) is taking over from null
[029月2025 22:09:10.005] [main/DEBUG] [mixin/]: Registering new injector for @Inject with org.spongepowered.asm.mixin.injection.struct.CallbackInjectionInfo
[029月2025 22:09:10.005] [main/DEBUG] [mixin/]: Registering new injector for @ModifyArg with org.spongepowered.asm.mixin.injection.struct.ModifyArgInjectionInfo
[029月2025 22:09:10.005] [main/DEBUG] [mixin/]: Registering new injector for @ModifyArgs with org.spongepowered.asm.mixin.injection.struct.ModifyArgsInjectionInfo
[029月2025 22:09:10.021] [main/DEBUG] [mixin/]: Registering new injector for @Redirect with org.spongepowered.asm.mixin.injection.struct.RedirectInjectionInfo
[029月2025 22:09:10.021] [main/DEBUG] [mixin/]: Registering new injector for @ModifyVariable with org.spongepowered.asm.mixin.injection.struct.ModifyVariableInjectionInfo
[029月2025 22:09:10.021] [main/DEBUG] [mixin/]: Registering new injector for @ModifyConstant with org.spongepowered.asm.mixin.injection.struct.ModifyConstantInjectionInfo
[029月2025 22:09:10.037] [main/DEBUG] [mixin/]: Selecting config moonlight-common.mixins.json
[029月2025 22:09:10.181] [main/INFO] [mixin/]: Remapping refMap moonlight-common-refmap.json using D:\McMod20\Endless-20/build/createSrgToMcp/output.srg
[029月2025 22:09:10.181] [main/DEBUG] [mixin/]: Selecting config moonlight.mixins.json
[029月2025 22:09:10.181] [main/INFO] [mixin/]: Remapping refMap moonlight-forge-refmap.json using D:\McMod20\Endless-20/build/createSrgToMcp/output.srg
[029月2025 22:09:10.181] [main/DEBUG] [mixin/]: Selecting config jade.mixins.json
[029月2025 22:09:10.181] [main/INFO] [mixin/]: Remapping refMap jade.refmap.json using D:\McMod20\Endless-20/build/createSrgToMcp/output.srg
[029月2025 22:09:10.181] [main/DEBUG] [mixin/]: Selecting config crafttweaker.mixins.json
[029月2025 22:09:10.181] [main/INFO] [mixin/]: Remapping refMap crafttweaker.refmap.json using D:\McMod20\Endless-20/build/createSrgToMcp/output.srg
[029月2025 22:09:10.181] [main/DEBUG] [mixin/]: Selecting config crafttweaker.forge.mixins.json
[029月2025 22:09:10.181] [main/INFO] [mixin/]: Remapping refMap crafttweaker.refmap.json using D:\McMod20\Endless-20/build/createSrgToMcp/output.srg
[029月2025 22:09:10.181] [main/DEBUG] [mixin/]: Selecting config dummmmmmy-common.mixins.json
[029月2025 22:09:10.181] [main/INFO] [mixin/]: Remapping refMap dummmmmmy-common-refmap.json using D:\McMod20\Endless-20/build/createSrgToMcp/output.srg
[029月2025 22:09:10.181] [main/DEBUG] [mixin/]: Selecting config dummmmmmy.mixins.json
[029月2025 22:09:10.181] [main/DEBUG] [mixin/]: Selecting config mixins.codechickenlib.json
[029月2025 22:09:10.181] [main/INFO] [mixin/]: Remapping refMap mixins.codechickenlib.refmap.json using D:\McMod20\Endless-20/build/createSrgToMcp/output.srg
[029月2025 22:09:10.181] [main/DEBUG] [mixin/]: Selecting config curios.mixins.json
[029月2025 22:09:10.181] [main/INFO] [mixin/]: Remapping refMap curios.refmap.json using D:\McMod20\Endless-20/build/createSrgToMcp/output.srg
[029月2025 22:09:10.181] [main/DEBUG] [mixin/]: Selecting config patchouli_xplat.mixins.json
[029月2025 22:09:10.181] [main/INFO] [mixin/]: Remapping refMap patchouli.refmap.json using D:\McMod20\Endless-20/build/createSrgToMcp/output.srg
[029月2025 22:09:10.181] [main/DEBUG] [mixin/]: Selecting config mixins.brandonscore.json
[029月2025 22:09:10.181] [main/INFO] [mixin/]: Remapping refMap mixins.brandonscore.refmap.json using D:\McMod20\Endless-20/build/createSrgToMcp/output.srg
[029月2025 22:09:10.181] [main/DEBUG] [mixin/]: Selecting config mixins.draconicevolution.json
[029月2025 22:09:10.181] [main/INFO] [mixin/]: Remapping refMap mixins.draconicevolution.refmap.json using D:\McMod20\Endless-20/build/createSrgToMcp/output.srg
[029月2025 22:09:10.181] [main/DEBUG] [mixin/]: Preparing endless.mixins.json (2)
[029月2025 22:09:10.229] [main/DEBUG] [mixin/]: Preparing mixinextras.init.mixins.json (0)
[029月2025 22:09:10.229] [main/DEBUG] [mixin/]: Preparing moonlight-common.mixins.json (29)
[029月2025 22:09:10.294] [main/DEBUG] [net.minecraftforge.coremod.transformer.CoreModBaseTransformer/COREMOD]: Transforming net/minecraft/world/entity/npc/Villager
[029月2025 22:09:10.532] [main/DEBUG] [mixin/]: Preparing moonlight.mixins.json (10)
[029月2025 22:09:10.532] [main/DEBUG] [mixin/]: Preparing jade.mixins.json (3)
[029月2025 22:09:10.532] [main/DEBUG] [mixin/]: Preparing crafttweaker.mixins.json (34)
[029月2025 22:09:10.548] [main/DEBUG] [mixin/]: Preparing crafttweaker.forge.mixins.json (7)
[029月2025 22:09:10.564] [main/DEBUG] [mixin/]: Preparing dummmmmmy-common.mixins.json (5)
[029月2025 22:09:10.564] [main/DEBUG] [mixin/]: Preparing dummmmmmy.mixins.json (0)
[029月2025 22:09:10.564] [main/DEBUG] [mixin/]: Preparing mixins.codechickenlib.json (4)
[029月2025 22:09:10.564] [main/DEBUG] [mixin/]: Preparing curios.mixins.json (13)
[029月2025 22:09:10.580] [main/DEBUG] [mixin/]: Preparing patchouli_xplat.mixins.json (10)
[029月2025 22:09:10.596] [main/DEBUG] [mixin/]: Preparing mixins.brandonscore.json (5)
[029月2025 22:09:10.596] [main/DEBUG] [mixin/]: Preparing mixins.draconicevolution.json (6)
[029月2025 22:09:10.628] [main/DEBUG] [mixin/]: Inner class net/mehvahdjukaar/moonlight/core/mixins/forge/ItemMixin$1 in net/mehvahdjukaar/moonlight/core/mixins/forge/ItemMixin on net/minecraft/world/item/Item gets unique name net/minecraft/world/item/Item$Anonymous$510f87eae8ef4351a794dc03a54bae9d
[029月2025 22:09:10.628] [main/DEBUG] [mixin/]: Prepared 127 mixins in 0.783 sec (6.2ms avg) (0ms load, 0ms transform, 0ms plugin)
[029月2025 22:09:10.692] [main/DEBUG] [io.netty.util.internal.logging.InternalLoggerFactory/]: Using SLF4J as the default logging framework
[029月2025 22:09:10.708] [main/DEBUG] [io.netty.util.ResourceLeakDetector/]: -Dio.netty.leakDetection.level: simple
[029月2025 22:09:10.708] [main/DEBUG] [io.netty.util.ResourceLeakDetector/]: -Dio.netty.leakDetection.targetRecords: 4
[029月2025 22:09:11.074] [main/INFO] [net.minecraftforge.data.loading.DatagenModLoader/]: Initializing Data Gatherer for mods [endless]
[029月2025 22:09:11.106] [main/INFO] [MixinExtras|Service/]: Initializing MixinExtras via com.llamalad7.mixinextras.service.MixinExtrasServiceImpl(version=0.2.1-beta.2).
[029月2025 22:09:11.106] [main/DEBUG] [mixin/]: Registering new injector for @SugarWrapper with com.llamalad7.mixinextras.sugar.impl.SugarWrapperInjectionInfo
[029月2025 22:09:11.106] [main/DEBUG] [mixin/]: Registering new injector for @FactoryRedirectWrapper with com.llamalad7.mixinextras.wrapper.factory.FactoryRedirectWrapperInjectionInfo
[029月2025 22:09:11.106] [main/DEBUG] [mixin/]: Mixing common.access.registry.AccessMappedRegistry from crafttweaker.mixins.json into net.minecraft.core.MappedRegistry
[029月2025 22:09:11.266] [main/DEBUG] [mixin/]: Mixing common.access.block.AccessBlockBehaviour from crafttweaker.mixins.json into net.minecraft.world.level.block.state.BlockBehaviour
[029月2025 22:09:11.281] [main/DEBUG] [mixin/]: Mixing common.access.block.AccessBlockStateBase from crafttweaker.mixins.json into net.minecraft.world.level.block.state.BlockBehaviour$BlockStateBase
[029月2025 22:09:11.298] [main/DEBUG] [mixin/]: Mixing AccessorEntity from curios.mixins.json into net.minecraft.world.entity.Entity
[029月2025 22:09:11.298] [main/DEBUG] [mixin/]: Mixing EntityAccessor from mixins.brandonscore.json into net.minecraft.world.entity.Entity
[029月2025 22:09:11.314] [main/DEBUG] [mixin/]: Mixing LivingEntityMixin from dummmmmmy-common.mixins.json into net.minecraft.world.entity.LivingEntity
[029月2025 22:09:11.314] [main/DEBUG] [mixin/]: Mixing MixinLivingEntity from curios.mixins.json into net.minecraft.world.entity.LivingEntity
[029月2025 22:09:11.330] [main/DEBUG] [mixin/]: Mixing LivingEntityMixin from mixins.brandonscore.json into net.minecraft.world.entity.LivingEntity
[029月2025 22:09:11.330] [main/DEBUG] [net.minecraftforge.coremod.transformer.CoreModBaseTransformer/COREMOD]: Transforming net/minecraft/world/item/ItemStack
[029月2025 22:09:11.330] [main/DEBUG] [mixin/]: Renaming synthetic method lambda$updateFallFlying$0(Lnet/minecraft/world/item/ItemStack;)Z to md4e5c7f$lambda$updateFallFlying$0$0 in mixins.brandonscore.json:LivingEntityMixin
[029月2025 22:09:11.394] [main/DEBUG] [mixin/]: Mixing common.transform.world.level.MixinServerLevel from crafttweaker.mixins.json into net.minecraft.server.level.ServerLevel
[029月2025 22:09:11.426] [main/DEBUG] [mixin/]: Mixing PlayerMixin from dummmmmmy-common.mixins.json into net.minecraft.world.entity.player.Player
[029月2025 22:09:11.426] [main/DEBUG] [mixin/]: Mixing PlayerMixin from mixins.brandonscore.json into net.minecraft.world.entity.player.Player
[029月2025 22:09:11.426] [main/DEBUG] [mixin/]: Renaming synthetic method lambda$tryToStartFallFlying$0(Lnet/minecraft/world/item/ItemStack;)Z to md4e5c7f$lambda$tryToStartFallFlying$0$0 in mixins.brandonscore.json:PlayerMixin
[029月2025 22:09:11.506] [main/DEBUG] [mixin/]: Mixing ItemMixin from moonlight-common.mixins.json into net.minecraft.world.item.Item
[029月2025 22:09:11.506] [main/DEBUG] [mixin/]: Mixing ItemMixin from moonlight.mixins.json into net.minecraft.world.item.Item
[029月2025 22:09:11.506] [main/DEBUG] [mixin/]: Mixing common.access.item.AccessItem from crafttweaker.mixins.json into net.minecraft.world.item.Item
[029月2025 22:09:11.506] [main/DEBUG] [mixin/]: Renaming @Accessor method crafttweaker$getBASE_ATTACK_DAMAGE_UUID()Ljava/util/UUID; to crafttweaker$getBASE_ATTACK_DAMAGE_UUID_$md$4e5c7f$0 in crafttweaker.mixins.json:common.access.item.AccessItem
[029月2025 22:09:11.506] [main/DEBUG] [mixin/]: Renaming @Accessor method crafttweaker$getBASE_ATTACK_SPEED_UUID()Ljava/util/UUID; to crafttweaker$getBASE_ATTACK_SPEED_UUID_$md$4e5c7f$1 in crafttweaker.mixins.json:common.access.item.AccessItem
[029月2025 22:09:11.538] [main/DEBUG] [net.minecraftforge.coremod.transformer.CoreModBaseTransformer/COREMOD]: Transforming net/minecraft/world/entity/EntityType
[029月2025 22:09:11.746] [main/DEBUG] [mixin/]: Mixing FireBlockMixin from moonlight.mixins.json into net.minecraft.world.level.block.FireBlock
[029月2025 22:09:12.001] [main/DEBUG] [net.minecraftforge.coremod.transformer.CoreModBaseTransformer/COREMOD]: Transforming net/minecraft/world/level/block/LiquidBlock
[029月2025 22:09:12.017] [main/DEBUG] [mixin/]: Mixing accessor.DispenserBlockAccessor from moonlight-common.mixins.json into net.minecraft.world.level.block.DispenserBlock
[029月2025 22:09:12.017] [main/DEBUG] [mixin/]: Renaming @Accessor method getDispenserRegistry()Ljava/util/Map; to getDispenserRegistry_$md$4e5c7f$0 in moonlight-common.mixins.json:accessor.DispenserBlockAccessor
[029月2025 22:09:12.032] [main/DEBUG] [net.minecraftforge.coremod.transformer.CoreModBaseTransformer/COREMOD]: Transforming net/minecraft/world/level/block/StairBlock
[029月2025 22:09:12.064] [main/DEBUG] [mixin/]: Mixing common.access.block.AccessAbstractCauldronBlock from crafttweaker.mixins.json into net.minecraft.world.level.block.AbstractCauldronBlock
[029月2025 22:09:12.064] [main/DEBUG] [net.minecraftforge.coremod.transformer.CoreModBaseTransformer/COREMOD]: Transforming net/minecraft/world/level/block/FlowerPotBlock
[029月2025 22:09:12.112] [main/DEBUG] [mixin/]: Mixing MixinPowderSnowBlock from curios.mixins.json into net.minecraft.world.level.block.PowderSnowBlock
[029月2025 22:09:12.256] [main/DEBUG] [mixin/]: Mixing common.access.entity.AccessFallingBlockEntity from crafttweaker.mixins.json into net.minecraft.world.entity.item.FallingBlockEntity
[029月2025 22:09:12.288] [main/DEBUG] [mixin/]: Mixing accessor.DispenserBlockEntityAccessor from moonlight-common.mixins.json into net.minecraft.world.level.block.entity.DispenserBlockEntity
[029月2025 22:09:12.415] [main/DEBUG] [mixin/]: Mixing PistonBlockEntityMixin from moonlight-common.mixins.json into net.minecraft.world.level.block.piston.PistonMovingBlockEntity
[029月2025 22:09:12.623] [main/DEBUG] [mixin/]: Mixing EntityMixin from moonlight-common.mixins.json into net.minecraft.world.entity.Mob
[029月2025 22:09:12.623] [main/DEBUG] [net.minecraftforge.coremod.transformer.CoreModBaseTransformer/COREMOD]: Transforming net/minecraft/world/entity/EntityType
[029月2025 22:09:12.703] [main/DEBUG] [net.minecraftforge.coremod.transformer.CoreModBaseTransformer/COREMOD]: Transforming net/minecraft/world/item/ItemStack
[029月2025 22:09:13.069] [main/DEBUG] [mixin/]: Mixing LightningEntityMixin from moonlight-common.mixins.json into net.minecraft.world.entity.LightningBolt
[029月2025 22:09:13.069] [main/DEBUG] [mixin/]: Mixing common.access.entity.AccessLightningBolt from crafttweaker.mixins.json into net.minecraft.world.entity.LightningBolt
[029月2025 22:09:13.117] [main/DEBUG] [net.minecraftforge.coremod.transformer.CoreModBaseTransformer/COREMOD]: Transforming net/minecraft/world/entity/animal/frog/Tadpole
[029月2025 22:09:13.133] [main/DEBUG] [mixin/]: Mixing BlockItemMixin from moonlight-common.mixins.json into net.minecraft.world.item.BlockItem
[029月2025 22:09:13.165] [main/DEBUG] [mixin/]: Mixing SwordItemMixin from dummmmmmy-common.mixins.json into net.minecraft.world.item.SwordItem
[029月2025 22:09:13.165] [main/DEBUG] [mixin/]: Mixing ToolItemMixin from dummmmmmy-common.mixins.json into net.minecraft.world.item.DiggerItem
[029月2025 22:09:13.181] [main/DEBUG] [net.minecraftforge.coremod.transformer.CoreModBaseTransformer/COREMOD]: Transforming net/minecraft/world/item/BucketItem
[029月2025 22:09:13.197] [main/DEBUG] [mixin/]: Mixing MapItemMixin from moonlight-common.mixins.json into net.minecraft.world.item.MapItem
[029月2025 22:09:13.197] [main/DEBUG] [mixin/]: Renaming synthetic method lambda$update$1(Lnet/minecraft/world/level/saveddata/maps/MapItemSavedData;Lnet/minecraft/world/entity/Entity;Ljava/util/concurrent/atomic/AtomicBoolean;Lnet/minecraft/resources/ResourceLocation;Lnet/mehvahdjukaar/moonlight/api/map/CustomMapData;)V to md4e5c7f$lambda$update$1$0 in moonlight-common.mixins.json:MapItemMixin
[029月2025 22:09:13.197] [main/DEBUG] [mixin/]: Renaming synthetic method lambda$appendHoverText$0(Lnet/minecraft/world/level/saveddata/maps/MapItemSavedData;Lnet/minecraft/world/item/ItemStack;Ljava/util/List;Lnet/minecraft/resources/ResourceLocation;Lnet/mehvahdjukaar/moonlight/api/map/CustomMapData;)V to md4e5c7f$lambda$appendHoverText$0$1 in moonlight-common.mixins.json:MapItemMixin
[029月2025 22:09:13.229] [main/DEBUG] [mixin/]: Mixing ShearItemMixin from moonlight-common.mixins.json into net.minecraft.world.item.ShearsItem
[029月2025 22:09:13.229] [main/DEBUG] [mixin/]: Mixing MixinShearsItem from curios.mixins.json into net.minecraft.world.item.ShearsItem
[029月2025 22:09:13.245] [main/DEBUG] [mixin/]: Mixing ArmorStandFIxMixin from dummmmmmy-common.mixins.json into net.minecraft.world.item.ArmorStandItem
[029月2025 22:09:13.818] [main/DEBUG] [mixin/]: Mixing BeeGoalMixin from moonlight-common.mixins.json into net.minecraft.world.entity.animal.Bee$BeeGrowCropGoal
[029月2025 22:09:13.834] [main/DEBUG] [net.minecraftforge.coremod.transformer.CoreModBaseTransformer/COREMOD]: Transforming net/minecraft/world/entity/monster/Spider
[029月2025 22:09:13.883] [main/DEBUG] [net.minecraftforge.coremod.transformer.CoreModBaseTransformer/COREMOD]: Transforming net/minecraft/world/entity/monster/Zombie
[029月2025 22:09:13.899] [main/DEBUG] [net.minecraftforge.coremod.transformer.CoreModBaseTransformer/COREMOD]: Transforming net/minecraft/world/entity/monster/ZombieVillager
[029月2025 22:09:13.963] [main/DEBUG] [net.minecraftforge.coremod.transformer.CoreModBaseTransformer/COREMOD]: Transforming net/minecraft/world/entity/monster/Evoker$EvokerSummonSpellGoal
[029月2025 22:09:13.979] [main/DEBUG] [mixin/]: Mixing FixBlockPlaceContextMixin from moonlight-common.mixins.json into net.minecraft.world.item.context.BlockPlaceContext
[029月2025 22:09:14.074] [main/DEBUG] [net.minecraftforge.coremod.transformer.CoreModBaseTransformer/COREMOD]: Transforming net/minecraft/world/entity/animal/horse/SkeletonTrapGoal
[029月2025 22:09:14.074] [main/DEBUG] [net.minecraftforge.coremod.transformer.CoreModBaseTransformer/COREMOD]: Transforming net/minecraft/world/entity/monster/Strider
[029月2025 22:09:14.122] [main/DEBUG] [mixin/]: Mixing LevelChunkMixin from moonlight-common.mixins.json into net.minecraft.world.level.chunk.LevelChunk
[029月2025 22:09:14.138] [main/DEBUG] [net.minecraftforge.coremod.transformer.CoreModBaseTransformer/COREMOD]: Transforming net/minecraft/world/entity/npc/Villager
[029月2025 22:09:14.170] [main/DEBUG] [mixin/]: Mixing VillagerMixin from moonlight-common.mixins.json into net.minecraft.world.entity.npc.Villager
[029月2025 22:09:14.202] [main/DEBUG] [mixin/]: Mixing common.access.item.AccessIngredient from crafttweaker.mixins.json into net.minecraft.world.item.crafting.Ingredient
[029月2025 22:09:14.202] [main/DEBUG] [mixin/]: Renaming @Invoker method crafttweaker$callFromValues(Ljava/util/stream/Stream;)Lnet/minecraft/world/item/crafting/Ingredient; to crafttweaker$callFromValues_$md$4e5c7f$0 in crafttweaker.mixins.json:common.access.item.AccessIngredient
[029月2025 22:09:14.202] [main/DEBUG] [mixin/]: Mixing common.transform.item.MixinIngredient from crafttweaker.mixins.json into net.minecraft.world.item.crafting.Ingredient
[029月2025 22:09:14.202] [main/DEBUG] [mixin/]: Mixing common.access.food.AccessFoodProperties from crafttweaker.mixins.json into net.minecraft.world.food.FoodProperties
[029月2025 22:09:14.202] [main/DEBUG] [mixin/]: Renaming @Invoker method crafttweaker$createFoodProperties(IFZZZLjava/util/List;)Lnet/minecraft/world/food/FoodProperties; to crafttweaker$createFoodProperties_$md$4e5c7f$0 in crafttweaker.mixins.json:common.access.food.AccessFoodProperties
[029月2025 22:09:14.218] [main/DEBUG] [mixin/]: Mixing common.access.food.AccessFoodPropertiesForge from crafttweaker.forge.mixins.json into net.minecraft.world.food.FoodProperties
[029月2025 22:09:14.218] [main/DEBUG] [net.minecraftforge.coremod.transformer.CoreModBaseTransformer/COREMOD]: Transforming net/minecraft/world/effect/MobEffectInstance
[029月2025 22:09:14.234] [main/DEBUG] [mixin/]: Mixing common.access.brewing.AccessPotionBrewing from crafttweaker.forge.mixins.json into net.minecraft.world.item.alchemy.PotionBrewing
[029月2025 22:09:14.234] [main/DEBUG] [mixin/]: Renaming @Accessor method crafttweaker$getPOTION_MIXES()Ljava/util/List; to crafttweaker$getPOTION_MIXES_$md$4e5c7f$0 in crafttweaker.forge.mixins.json:common.access.brewing.AccessPotionBrewing
[029月2025 22:09:14.234] [main/DEBUG] [mixin/]: Renaming @Accessor method crafttweaker$getCONTAINER_MIXES()Ljava/util/List; to crafttweaker$getCONTAINER_MIXES_$md$4e5c7f$1 in crafttweaker.forge.mixins.json:common.access.brewing.AccessPotionBrewing
[029月2025 22:09:14.249] [main/DEBUG] [mixin/]: Renaming @Invoker method crafttweaker$callAddMix(Lnet/minecraft/world/item/alchemy/Potion;Lnet/minecraft/world/item/Item;Lnet/minecraft/world/item/alchemy/Potion;)V to crafttweaker$callAddMix_$md$4e5c7f$2 in crafttweaker.forge.mixins.json:common.access.brewing.AccessPotionBrewing
[029月2025 22:09:14.313] [main/DEBUG] [mixin/]: Mixing MixinInventory from curios.mixins.json into net.minecraft.world.entity.player.Inventory
[029月2025 22:09:14.313] [main/DEBUG] [mixin/]: Mixing InventoryMixin from moonlight-common.mixins.json into net.minecraft.world.entity.player.Inventory
[029月2025 22:09:14.335] [main/DEBUG] [mixin/]: Mixing GrindstoneMenuSlotMixin from moonlight-common.mixins.json into net.minecraft.world.inventory.GrindstoneMenu$4
[029月2025 22:09:14.345] [main/DEBUG] [mixin/]: Mixing MapExtendingRecipeMixin from moonlight-common.mixins.json into net.minecraft.world.item.crafting.MapExtendingRecipe
[029月2025 22:09:14.441] [main/DEBUG] [mixin/]: Mixing common.access.loot.AccessLootContext from crafttweaker.mixins.json into net.minecraft.world.level.storage.loot.LootContext
[029月2025 22:09:14.457] [main/DEBUG] [mixin/]: Mixing MixinApplyBonusCount from curios.mixins.json into net.minecraft.world.level.storage.loot.functions.ApplyBonusCount
[029月2025 22:09:14.584] [main/DEBUG] [net.minecraftforge.coremod.transformer.CoreModBaseTransformer/COREMOD]: Transforming net/minecraft/world/level/levelgen/structure/Structure
[029月2025 22:09:14.611] [main/DEBUG] [net.minecraftforge.coremod.transformer.CoreModBaseTransformer/COREMOD]: Transforming net/minecraft/world/level/levelgen/structure/structures/OceanRuinPieces$OceanRuinPiece
[029月2025 22:09:14.616] [main/DEBUG] [net.minecraftforge.coremod.transformer.CoreModBaseTransformer/COREMOD]: Transforming net/minecraft/world/level/levelgen/structure/structures/SwampHutPiece
[029月2025 22:09:14.616] [main/DEBUG] [net.minecraftforge.coremod.transformer.CoreModBaseTransformer/COREMOD]: Transforming net/minecraft/world/level/levelgen/structure/structures/OceanMonumentPieces$OceanMonumentPiece
[029月2025 22:09:14.616] [main/DEBUG] [net.minecraftforge.coremod.transformer.CoreModBaseTransformer/COREMOD]: Transforming net/minecraft/world/level/levelgen/structure/structures/WoodlandMansionPieces$WoodlandMansionPiece
[029月2025 22:09:14.664] [main/DEBUG] [net.minecraftforge.coremod.transformer.CoreModBaseTransformer/COREMOD]: Transforming net/minecraft/world/level/biome/Biome
[029月2025 22:09:14.696] [main/DEBUG] [mixin/]: Mixing TheEndBiomeSourceMixin from mixins.draconicevolution.json into net.minecraft.world.level.biome.TheEndBiomeSource
[029月2025 22:09:14.728] [main/DEBUG] [mixin/]: Mixing EndIslandDensityFunctionMixin from mixins.draconicevolution.json into net.minecraft.world.level.levelgen.DensityFunctions$EndIslandDensityFunction
[029月2025 22:09:14.792] [main/DEBUG] [net.minecraftforge.registries.GameData/REGISTRIES]: Creating vanilla freeze snapshot
[029月2025 22:09:14.808] [main/DEBUG] [net.minecraftforge.registries.ForgeRegistry/REGISTRIES]: Registry minecraft:block Sync: VANILLA -> ACTIVE
[029月2025 22:09:14.808] [main/DEBUG] [net.minecraftforge.registries.ForgeRegistry/REGISTRIES]: Registry minecraft:fluid Sync: VANILLA -> ACTIVE
[029月2025 22:09:14.808] [main/DEBUG] [net.minecraftforge.registries.ForgeRegistry/REGISTRIES]: Registry minecraft:item Sync: VANILLA -> ACTIVE
[029月2025 22:09:14.808] [main/DEBUG] [net.minecraftforge.registries.ForgeRegistry/REGISTRIES]: Registry minecraft:mob_effect Sync: VANILLA -> ACTIVE
[029月2025 22:09:14.808] [main/DEBUG] [net.minecraftforge.registries.ForgeRegistry/REGISTRIES]: Registry minecraft:sound_event Sync: VANILLA -> ACTIVE
[029月2025 22:09:14.808] [main/DEBUG] [net.minecraftforge.registries.ForgeRegistry/REGISTRIES]: Registry minecraft:potion Sync: VANILLA -> ACTIVE
[029月2025 22:09:14.808] [main/DEBUG] [net.minecraftforge.registries.ForgeRegistry/REGISTRIES]: Registry minecraft:enchantment Sync: VANILLA -> ACTIVE
[029月2025 22:09:14.808] [main/DEBUG] [net.minecraftforge.registries.ForgeRegistry/REGISTRIES]: Registry minecraft:entity_type Sync: VANILLA -> ACTIVE
[029月2025 22:09:14.808] [main/DEBUG] [net.minecraftforge.registries.ForgeRegistry/REGISTRIES]: Registry minecraft:block_entity_type Sync: VANILLA -> ACTIVE
[029月2025 22:09:14.808] [main/DEBUG] [net.minecraftforge.registries.ForgeRegistry/REGISTRIES]: Registry minecraft:particle_type Sync: VANILLA -> ACTIVE
[029月2025 22:09:14.808] [main/DEBUG] [net.minecraftforge.registries.ForgeRegistry/REGISTRIES]: Registry minecraft:menu Sync: VANILLA -> ACTIVE
[029月2025 22:09:14.808] [main/DEBUG] [net.minecraftforge.registries.ForgeRegistry/REGISTRIES]: Registry minecraft:painting_variant Sync: VANILLA -> ACTIVE
[029月2025 22:09:14.808] [main/DEBUG] [net.minecraftforge.registries.ForgeRegistry/REGISTRIES]: Registry minecraft:recipe_type Sync: VANILLA -> ACTIVE
[029月2025 22:09:14.808] [main/DEBUG] [net.minecraftforge.registries.ForgeRegistry/REGISTRIES]: Registry minecraft:recipe_serializer Sync: VANILLA -> ACTIVE
[029月2025 22:09:14.808] [main/DEBUG] [net.minecraftforge.registries.ForgeRegistry/REGISTRIES]: Registry minecraft:attribute Sync: VANILLA -> ACTIVE
[029月2025 22:09:14.808] [main/DEBUG] [net.minecraftforge.registries.ForgeRegistry/REGISTRIES]: Registry minecraft:stat_type Sync: VANILLA -> ACTIVE
[029月2025 22:09:14.808] [main/DEBUG] [net.minecraftforge.registries.ForgeRegistry/REGISTRIES]: Registry minecraft:command_argument_type Sync: VANILLA -> ACTIVE
[029月2025 22:09:14.808] [main/DEBUG] [net.minecraftforge.registries.ForgeRegistry/REGISTRIES]: Registry minecraft:villager_profession Sync: VANILLA -> ACTIVE
[029月2025 22:09:14.808] [main/DEBUG] [net.minecraftforge.registries.ForgeRegistry/REGISTRIES]: Registry minecraft:point_of_interest_type Sync: VANILLA -> ACTIVE
[029月2025 22:09:14.808] [main/DEBUG] [net.minecraftforge.registries.ForgeRegistry/REGISTRIES]: Registry minecraft:memory_module_type Sync: VANILLA -> ACTIVE
[029月2025 22:09:14.808] [main/DEBUG] [net.minecraftforge.registries.ForgeRegistry/REGISTRIES]: Registry minecraft:sensor_type Sync: VANILLA -> ACTIVE
[029月2025 22:09:14.808] [main/DEBUG] [net.minecraftforge.registries.ForgeRegistry/REGISTRIES]: Registry minecraft:schedule Sync: VANILLA -> ACTIVE
[029月2025 22:09:14.808] [main/DEBUG] [net.minecraftforge.registries.ForgeRegistry/REGISTRIES]: Registry minecraft:activity Sync: VANILLA -> ACTIVE
[029月2025 22:09:14.808] [main/DEBUG] [net.minecraftforge.registries.ForgeRegistry/REGISTRIES]: Registry minecraft:worldgen/carver Sync: VANILLA -> ACTIVE
[029月2025 22:09:14.808] [main/DEBUG] [net.minecraftforge.registries.ForgeRegistry/REGISTRIES]: Registry minecraft:worldgen/feature Sync: VANILLA -> ACTIVE
[029月2025 22:09:14.808] [main/DEBUG] [net.minecraftforge.registries.ForgeRegistry/REGISTRIES]: Registry minecraft:chunk_status Sync: VANILLA -> ACTIVE
[029月2025 22:09:14.808] [main/DEBUG] [net.minecraftforge.registries.ForgeRegistry/REGISTRIES]: Registry minecraft:worldgen/block_state_provider_type Sync: VANILLA -> ACTIVE
[029月2025 22:09:14.824] [main/DEBUG] [net.minecraftforge.registries.ForgeRegistry/REGISTRIES]: Registry minecraft:worldgen/foliage_placer_type Sync: VANILLA -> ACTIVE
[029月2025 22:09:14.824] [main/DEBUG] [net.minecraftforge.registries.ForgeRegistry/REGISTRIES]: Registry minecraft:worldgen/tree_decorator_type Sync: VANILLA -> ACTIVE
[029月2025 22:09:14.824] [main/DEBUG] [net.minecraftforge.registries.ForgeRegistry/REGISTRIES]: Registry minecraft:worldgen/biome Sync: VANILLA -> ACTIVE
[029月2025 22:09:14.824] [main/DEBUG] [net.minecraftforge.registries.GameData/REGISTRIES]: Vanilla freeze snapshot created
[029月2025 22:09:14.856] [main/DEBUG] [io.netty.util.internal.PlatformDependent0/]: -Dio.netty.noUnsafe: false
[029月2025 22:09:14.856] [main/DEBUG] [io.netty.util.internal.PlatformDependent0/]: Java version: 17
[029月2025 22:09:14.856] [main/DEBUG] [io.netty.util.internal.PlatformDependent0/]: sun.misc.Unsafe.theUnsafe: available
[029月2025 22:09:14.856] [main/DEBUG] [io.netty.util.internal.PlatformDependent0/]: sun.misc.Unsafe.copyMemory: available
[029月2025 22:09:14.856] [main/DEBUG] [io.netty.util.internal.PlatformDependent0/]: sun.misc.Unsafe.storeFence: available
[029月2025 22:09:14.856] [main/DEBUG] [io.netty.util.internal.PlatformDependent0/]: java.nio.Buffer.address: available
[029月2025 22:09:14.856] [main/DEBUG] [io.netty.util.internal.PlatformDependent0/]: direct buffer constructor: unavailable
java.lang.UnsupportedOperationException: Reflective setAccessible(true) disabled
	at io.netty.util.internal.ReflectionUtil.trySetAccessible(ReflectionUtil.java:31) ~[netty-common-4.1.82.Final.jar:4.1.82.Final]
	at io.netty.util.internal.PlatformDependent0$5.run(PlatformDependent0.java:288) ~[netty-common-4.1.82.Final.jar:4.1.82.Final]
	at java.security.AccessController.doPrivileged(AccessController.java:318) ~[?:?]
	at io.netty.util.internal.PlatformDependent0.<clinit>(PlatformDependent0.java:282) ~[netty-common-4.1.82.Final.jar:4.1.82.Final]
	at io.netty.util.internal.PlatformDependent.isAndroid(PlatformDependent.java:333) ~[netty-common-4.1.82.Final.jar:4.1.82.Final]
	at io.netty.util.internal.PlatformDependent.<clinit>(PlatformDependent.java:88) ~[netty-common-4.1.82.Final.jar:4.1.82.Final]
	at io.netty.util.ConstantPool.<init>(ConstantPool.java:34) ~[netty-common-4.1.82.Final.jar:4.1.82.Final]
	at io.netty.util.AttributeKey$1.<init>(AttributeKey.java:27) ~[netty-common-4.1.82.Final.jar:4.1.82.Final]
	at io.netty.util.AttributeKey.<clinit>(AttributeKey.java:27) ~[netty-common-4.1.82.Final.jar:4.1.82.Final]
	at net.minecraftforge.network.NetworkConstants.<clinit>(NetworkConstants.java:34) ~[forge-1.20.1-47.4.0_mapped_official_1.20.1.jar:?]
	at net.minecraftforge.network.NetworkHooks.init(NetworkHooks.java:52) ~[forge-1.20.1-47.4.0_mapped_official_1.20.1.jar:?]
	at net.minecraft.server.Bootstrap.bootStrap(Bootstrap.java:62) ~[forge-1.20.1-47.4.0_mapped_official_1.20.1.jar:?]
	at net.minecraftforge.data.loading.DatagenModLoader.begin(DatagenModLoader.java:42) ~[forge-1.20.1-47.4.0_mapped_official_1.20.1.jar:?]
	at net.minecraft.data.Main.main(Main.java:90) ~[forge-1.20.1-47.4.0_mapped_official_1.20.1.jar:?]
	at jdk.internal.reflect.NativeMethodAccessorImpl.invoke0(Native Method) ~[?:?]
	at jdk.internal.reflect.NativeMethodAccessorImpl.invoke(NativeMethodAccessorImpl.java:77) ~[?:?]
	at jdk.internal.reflect.DelegatingMethodAccessorImpl.invoke(DelegatingMethodAccessorImpl.java:43) ~[?:?]
	at java.lang.reflect.Method.invoke(Method.java:568) ~[?:?]
	at net.minecraftforge.fml.loading.targets.CommonLaunchHandler.runTarget(CommonLaunchHandler.java:111) ~[fmlloader-1.20.1-47.4.0.jar:?]
	at net.minecraftforge.fml.loading.targets.CommonLaunchHandler.dataService(CommonLaunchHandler.java:107) ~[fmlloader-1.20.1-47.4.0.jar:?]
	at net.minecraftforge.fml.loading.targets.ForgeDataUserdevLaunchHandler.devService(ForgeDataUserdevLaunchHandler.java:22) ~[fmlloader-1.20.1-47.4.0.jar:?]
	at net.minecraftforge.fml.loading.targets.CommonDevLaunchHandler.lambda$makeService$7(CommonDevLaunchHandler.java:135) ~[fmlloader-1.20.1-47.4.0.jar:?]
	at cpw.mods.modlauncher.LaunchServiceHandlerDecorator.launch(LaunchServiceHandlerDecorator.java:30) ~[modlauncher-10.0.9.jar:?]
	at cpw.mods.modlauncher.LaunchServiceHandler.launch(LaunchServiceHandler.java:53) ~[modlauncher-10.0.9.jar:?]
	at cpw.mods.modlauncher.LaunchServiceHandler.launch(LaunchServiceHandler.java:71) ~[modlauncher-10.0.9.jar:?]
	at cpw.mods.modlauncher.Launcher.run(Launcher.java:108) ~[modlauncher-10.0.9.jar:?]
	at cpw.mods.modlauncher.Launcher.main(Launcher.java:78) ~[modlauncher-10.0.9.jar:?]
	at cpw.mods.modlauncher.BootstrapLaunchConsumer.accept(BootstrapLaunchConsumer.java:26) ~[modlauncher-10.0.9.jar:?]
	at cpw.mods.modlauncher.BootstrapLaunchConsumer.accept(BootstrapLaunchConsumer.java:23) ~[modlauncher-10.0.9.jar:?]
	at cpw.mods.bootstraplauncher.BootstrapLauncher.main(BootstrapLauncher.java:141) ~[bootstraplauncher-1.1.2.jar:?]
[029月2025 22:09:14.920] [main/DEBUG] [io.netty.util.internal.PlatformDependent0/]: java.nio.Bits.unaligned: available, true
[029月2025 22:09:14.920] [main/DEBUG] [io.netty.util.internal.PlatformDependent0/]: jdk.internal.misc.Unsafe.allocateUninitializedArray(int): unavailable
java.lang.IllegalAccessException: class io.netty.util.internal.PlatformDependent0$7 (in module io.netty.common) cannot access class jdk.internal.misc.Unsafe (in module java.base) because module java.base does not export jdk.internal.misc to module io.netty.common
	at jdk.internal.reflect.Reflection.newIllegalAccessException(Reflection.java:392) ~[?:?]
	at java.lang.reflect.AccessibleObject.checkAccess(AccessibleObject.java:674) ~[?:?]
	at java.lang.reflect.Method.invoke(Method.java:560) ~[?:?]
	at io.netty.util.internal.PlatformDependent0$7.run(PlatformDependent0.java:410) ~[netty-common-4.1.82.Final.jar:4.1.82.Final]
	at java.security.AccessController.doPrivileged(AccessController.java:318) ~[?:?]
	at io.netty.util.internal.PlatformDependent0.<clinit>(PlatformDependent0.java:401) ~[netty-common-4.1.82.Final.jar:4.1.82.Final]
	at io.netty.util.internal.PlatformDependent.isAndroid(PlatformDependent.java:333) ~[netty-common-4.1.82.Final.jar:4.1.82.Final]
	at io.netty.util.internal.PlatformDependent.<clinit>(PlatformDependent.java:88) ~[netty-common-4.1.82.Final.jar:4.1.82.Final]
	at io.netty.util.ConstantPool.<init>(ConstantPool.java:34) ~[netty-common-4.1.82.Final.jar:4.1.82.Final]
	at io.netty.util.AttributeKey$1.<init>(AttributeKey.java:27) ~[netty-common-4.1.82.Final.jar:4.1.82.Final]
	at io.netty.util.AttributeKey.<clinit>(AttributeKey.java:27) ~[netty-common-4.1.82.Final.jar:4.1.82.Final]
	at net.minecraftforge.network.NetworkConstants.<clinit>(NetworkConstants.java:34) ~[forge-1.20.1-47.4.0_mapped_official_1.20.1.jar:?]
	at net.minecraftforge.network.NetworkHooks.init(NetworkHooks.java:52) ~[forge-1.20.1-47.4.0_mapped_official_1.20.1.jar:?]
	at net.minecraft.server.Bootstrap.bootStrap(Bootstrap.java:62) ~[forge-1.20.1-47.4.0_mapped_official_1.20.1.jar:?]
	at net.minecraftforge.data.loading.DatagenModLoader.begin(DatagenModLoader.java:42) ~[forge-1.20.1-47.4.0_mapped_official_1.20.1.jar:?]
	at net.minecraft.data.Main.main(Main.java:90) ~[forge-1.20.1-47.4.0_mapped_official_1.20.1.jar:?]
	at jdk.internal.reflect.NativeMethodAccessorImpl.invoke0(Native Method) ~[?:?]
	at jdk.internal.reflect.NativeMethodAccessorImpl.invoke(NativeMethodAccessorImpl.java:77) ~[?:?]
	at jdk.internal.reflect.DelegatingMethodAccessorImpl.invoke(DelegatingMethodAccessorImpl.java:43) ~[?:?]
	at java.lang.reflect.Method.invoke(Method.java:568) ~[?:?]
	at net.minecraftforge.fml.loading.targets.CommonLaunchHandler.runTarget(CommonLaunchHandler.java:111) ~[fmlloader-1.20.1-47.4.0.jar:?]
	at net.minecraftforge.fml.loading.targets.CommonLaunchHandler.dataService(CommonLaunchHandler.java:107) ~[fmlloader-1.20.1-47.4.0.jar:?]
	at net.minecraftforge.fml.loading.targets.ForgeDataUserdevLaunchHandler.devService(ForgeDataUserdevLaunchHandler.java:22) ~[fmlloader-1.20.1-47.4.0.jar:?]
	at net.minecraftforge.fml.loading.targets.CommonDevLaunchHandler.lambda$makeService$7(CommonDevLaunchHandler.java:135) ~[fmlloader-1.20.1-47.4.0.jar:?]
	at cpw.mods.modlauncher.LaunchServiceHandlerDecorator.launch(LaunchServiceHandlerDecorator.java:30) ~[modlauncher-10.0.9.jar:?]
	at cpw.mods.modlauncher.LaunchServiceHandler.launch(LaunchServiceHandler.java:53) ~[modlauncher-10.0.9.jar:?]
	at cpw.mods.modlauncher.LaunchServiceHandler.launch(LaunchServiceHandler.java:71) ~[modlauncher-10.0.9.jar:?]
	at cpw.mods.modlauncher.Launcher.run(Launcher.java:108) ~[modlauncher-10.0.9.jar:?]
	at cpw.mods.modlauncher.Launcher.main(Launcher.java:78) ~[modlauncher-10.0.9.jar:?]
	at cpw.mods.modlauncher.BootstrapLaunchConsumer.accept(BootstrapLaunchConsumer.java:26) ~[modlauncher-10.0.9.jar:?]
	at cpw.mods.modlauncher.BootstrapLaunchConsumer.accept(BootstrapLaunchConsumer.java:23) ~[modlauncher-10.0.9.jar:?]
	at cpw.mods.bootstraplauncher.BootstrapLauncher.main(BootstrapLauncher.java:141) ~[bootstraplauncher-1.1.2.jar:?]
[029月2025 22:09:14.920] [main/DEBUG] [io.netty.util.internal.PlatformDependent0/]: java.nio.DirectByteBuffer.<init>(long, int): unavailable
[029月2025 22:09:14.920] [main/DEBUG] [io.netty.util.internal.PlatformDependent/]: sun.misc.Unsafe: available
[029月2025 22:09:14.920] [main/DEBUG] [io.netty.util.internal.PlatformDependent/]: maxDirectMemory: 8535408640 bytes (maybe)
[029月2025 22:09:14.920] [main/DEBUG] [io.netty.util.internal.PlatformDependent/]: -Dio.netty.tmpdir: C:\Users\26852\AppData\Local\Temp (java.io.tmpdir)
[029月2025 22:09:14.920] [main/DEBUG] [io.netty.util.internal.PlatformDependent/]: -Dio.netty.bitMode: 64 (sun.arch.data.model)
[029月2025 22:09:14.920] [main/DEBUG] [io.netty.util.internal.PlatformDependent/]: Platform: Windows
[029月2025 22:09:14.920] [main/DEBUG] [io.netty.util.internal.PlatformDependent/]: -Dio.netty.maxDirectMemory: -1 bytes
[029月2025 22:09:14.920] [main/DEBUG] [io.netty.util.internal.PlatformDependent/]: -Dio.netty.uninitializedArrayAllocationThreshold: -1
[029月2025 22:09:14.920] [main/DEBUG] [io.netty.util.internal.CleanerJava9/]: java.nio.ByteBuffer.cleaner(): available
[029月2025 22:09:14.920] [main/DEBUG] [io.netty.util.internal.PlatformDependent/]: -Dio.netty.noPreferDirect: false
[029月2025 22:09:14.967] [main/DEBUG] [net.minecraftforge.network.NetworkHooks/]: Loading Network data for FML net version: FML3
[029月2025 22:09:14.983] [main/DEBUG] [net.minecraftforge.fml.ModWorkManager/LOADING]: Using 32 threads for parallel mod-loading
[029月2025 22:09:14.983] [main/DEBUG] [net.minecraftforge.fml.javafmlmod.FMLJavaModLanguageProvider/LOADING]: Loading FMLModContainer from classloader cpw.mods.modlauncher.TransformingClassLoader@663f237a - got cpw.mods.cl.ModuleClassLoader@27b71f50
[029月2025 22:09:14.983] [main/DEBUG] [net.minecraftforge.fml.javafmlmod.FMLModContainer/LOADING]: Creating FMLModContainer instance for com.llamalad7.mixinextras.platform.forge.MixinExtrasMod
[029月2025 22:09:14.983] [main/DEBUG] [net.minecraftforge.fml.javafmlmod.FMLJavaModLanguageProvider/LOADING]: Loading FMLModContainer from classloader cpw.mods.modlauncher.TransformingClassLoader@663f237a - got cpw.mods.cl.ModuleClassLoader@27b71f50
[029月2025 22:09:14.983] [main/DEBUG] [net.minecraftforge.fml.javafmlmod.FMLModContainer/LOADING]: Creating FMLModContainer instance for net.mehvahdjukaar.moonlight.forge.MoonlightForge
[029月2025 22:09:14.983] [main/DEBUG] [net.minecraftforge.fml.javafmlmod.FMLJavaModLanguageProvider/LOADING]: Loading FMLModContainer from classloader cpw.mods.modlauncher.TransformingClassLoader@663f237a - got cpw.mods.cl.ModuleClassLoader@27b71f50
[029月2025 22:09:14.983] [main/DEBUG] [net.minecraftforge.fml.javafmlmod.FMLModContainer/LOADING]: Creating FMLModContainer instance for snownee.jade.util.CommonProxy
[029月2025 22:09:14.983] [main/DEBUG] [net.minecraftforge.fml.javafmlmod.FMLJavaModLanguageProvider/LOADING]: Loading FMLModContainer from classloader cpw.mods.modlauncher.TransformingClassLoader@663f237a - got cpw.mods.cl.ModuleClassLoader@27b71f50
[029月2025 22:09:14.983] [main/DEBUG] [net.minecraftforge.fml.javafmlmod.FMLModContainer/LOADING]: Creating FMLModContainer instance for com.yuo.endless.Endless
[029月2025 22:09:14.983] [main/DEBUG] [net.minecraftforge.fml.javafmlmod.FMLJavaModLanguageProvider/LOADING]: Loading FMLModContainer from classloader cpw.mods.modlauncher.TransformingClassLoader@663f237a - got cpw.mods.cl.ModuleClassLoader@27b71f50
[029月2025 22:09:14.983] [main/DEBUG] [net.minecraftforge.fml.javafmlmod.FMLModContainer/LOADING]: Creating FMLModContainer instance for mezz.jei.forge.JustEnoughItems
[029月2025 22:09:14.983] [main/DEBUG] [net.minecraftforge.fml.javafmlmod.FMLJavaModLanguageProvider/LOADING]: Loading FMLModContainer from classloader cpw.mods.modlauncher.TransformingClassLoader@663f237a - got cpw.mods.cl.ModuleClassLoader@27b71f50
[029月2025 22:09:14.983] [main/DEBUG] [net.minecraftforge.fml.javafmlmod.FMLModContainer/LOADING]: Creating FMLModContainer instance for com.blamejared.crafttweaker.CraftTweakerForge
[029月2025 22:09:14.983] [main/DEBUG] [net.minecraftforge.fml.javafmlmod.FMLJavaModLanguageProvider/LOADING]: Loading FMLModContainer from classloader cpw.mods.modlauncher.TransformingClassLoader@663f237a - got cpw.mods.cl.ModuleClassLoader@27b71f50
[029月2025 22:09:14.983] [main/DEBUG] [net.minecraftforge.fml.javafmlmod.FMLModContainer/LOADING]: Creating FMLModContainer instance for net.minecraftforge.common.ForgeMod
[029月2025 22:09:14.999] [main/DEBUG] [net.minecraftforge.fml.javafmlmod.FMLJavaModLanguageProvider/LOADING]: Loading FMLModContainer from classloader cpw.mods.modlauncher.TransformingClassLoader@663f237a - got cpw.mods.cl.ModuleClassLoader@27b71f50
[029月2025 22:09:14.999] [main/DEBUG] [net.minecraftforge.fml.javafmlmod.FMLModContainer/LOADING]: Creating FMLModContainer instance for net.mehvahdjukaar.dummmmmmy.forge.DummmmmmyForge
[029月2025 22:09:14.999] [main/DEBUG] [net.minecraftforge.fml.javafmlmod.FMLJavaModLanguageProvider/LOADING]: Loading FMLModContainer from classloader cpw.mods.modlauncher.TransformingClassLoader@663f237a - got cpw.mods.cl.ModuleClassLoader@27b71f50
[029月2025 22:09:14.999] [main/DEBUG] [net.minecraftforge.fml.javafmlmod.FMLModContainer/LOADING]: Creating FMLModContainer instance for codechicken.lib.CodeChickenLib
[029月2025 22:09:14.999] [main/DEBUG] [net.minecraftforge.fml.javafmlmod.FMLJavaModLanguageProvider/LOADING]: Loading FMLModContainer from classloader cpw.mods.modlauncher.TransformingClassLoader@663f237a - got cpw.mods.cl.ModuleClassLoader@27b71f50
[029月2025 22:09:14.999] [main/DEBUG] [net.minecraftforge.fml.javafmlmod.FMLModContainer/LOADING]: Creating FMLModContainer instance for top.theillusivec4.curios.Curios
[029月2025 22:09:14.999] [main/DEBUG] [net.minecraftforge.fml.javafmlmod.FMLJavaModLanguageProvider/LOADING]: Loading FMLModContainer from classloader cpw.mods.modlauncher.TransformingClassLoader@663f237a - got cpw.mods.cl.ModuleClassLoader@27b71f50
[029月2025 22:09:14.999] [main/DEBUG] [net.minecraftforge.fml.javafmlmod.FMLModContainer/LOADING]: Creating FMLModContainer instance for vazkii.patchouli.forge.common.ForgeModInitializer
[029月2025 22:09:14.999] [main/DEBUG] [net.minecraftforge.fml.javafmlmod.FMLJavaModLanguageProvider/LOADING]: Loading FMLModContainer from classloader cpw.mods.modlauncher.TransformingClassLoader@663f237a - got cpw.mods.cl.ModuleClassLoader@27b71f50
[029月2025 22:09:14.999] [main/DEBUG] [net.minecraftforge.fml.javafmlmod.FMLModContainer/LOADING]: Creating FMLModContainer instance for com.brandon3055.brandonscore.BrandonsCore
[029月2025 22:09:14.999] [main/DEBUG] [net.minecraftforge.fml.javafmlmod.FMLJavaModLanguageProvider/LOADING]: Loading FMLModContainer from classloader cpw.mods.modlauncher.TransformingClassLoader@663f237a - got cpw.mods.cl.ModuleClassLoader@27b71f50
[029月2025 22:09:14.999] [main/DEBUG] [net.minecraftforge.fml.javafmlmod.FMLModContainer/LOADING]: Creating FMLModContainer instance for com.brandon3055.draconicevolution.DraconicEvolution
[029月2025 22:09:14.999] [modloading-worker-0/DEBUG] [mixin/]: Mixing SelfCustomModelLoaderMixin from moonlight.mixins.json into net.mehvahdjukaar.moonlight.api.client.model.CustomModelLoader
[029月2025 22:09:15.014] [modloading-worker-0/DEBUG] [net.minecraftforge.fml.javafmlmod.AutomaticEventSubscriber/LOADING]: Attempting to inject @EventBusSubscriber classes into the eventbus for mixinextras
[029月2025 22:09:15.050] [modloading-worker-0/DEBUG] [mixin/]: Mixing LocalPlayerMixin from mixins.brandonscore.json into net.minecraft.client.player.LocalPlayer
[029月2025 22:09:15.050] [modloading-worker-0/DEBUG] [mixin/]: Renaming synthetic method lambda$aiStep$0(Lnet/minecraft/world/item/ItemStack;)Z to md4e5c7f$lambda$aiStep$0$0 in mixins.brandonscore.json:LocalPlayerMixin
[029月2025 22:09:15.060] [modloading-worker-0/INFO] [BrandonsCore/]: Knock Knock...
[029月2025 22:09:15.060] [modloading-worker-0/WARN] [draconicevolution/]: Reactor detonation initiated.
[029月2025 22:09:15.060] [modloading-worker-0/INFO] [BrandonsCore/]: Wait... NO! What?
[029月2025 22:09:15.060] [modloading-worker-0/INFO] [BrandonsCore/]: Stop That! That's not how this works!
[029月2025 22:09:15.060] [modloading-worker-0/WARN] [draconicevolution/]: Calculating explosion ETA
[029月2025 22:09:15.060] [modloading-worker-0/INFO] [BrandonsCore/]: Ahh... NO... NONONO! DONT DO THAT!!! STOP THIS NOW!
[029月2025 22:09:15.060] [modloading-worker-0/WARN] [draconicevolution/]: **Explosion Imminent!!!**
[029月2025 22:09:15.060] [modloading-worker-0/INFO] [BrandonsCore/]: Well...... fork...
[029月2025 22:09:15.060] [modloading-worker-0/DEBUG] [CraftTweaker-Services/]: Loaded com.blamejared.crafttweaker.impl.service.BridgeService@4b6193f5 for service interface com.blamejared.crafttweaker.platform.services.IBridgeService
[029月2025 22:09:15.065] [modloading-worker-0/DEBUG] [mixin/]: Mixing client.AccessorScreen from patchouli_xplat.mixins.json into net.minecraft.client.gui.screens.Screen
[029月2025 22:09:15.074] [modloading-worker-0/DEBUG] [net.minecraftforge.versions.forge.ForgeVersion/CORE]: Forge Version package package net.minecraftforge.versions.forge, Forge, version 47.4 from cpw.mods.modlauncher.TransformingClassLoader@663f237a
[029月2025 22:09:15.074] [modloading-worker-0/DEBUG] [net.minecraftforge.versions.forge.ForgeVersion/CORE]: Found Forge version 47.4.0
[029月2025 22:09:15.074] [modloading-worker-0/DEBUG] [net.minecraftforge.versions.forge.ForgeVersion/CORE]: Found Forge spec 47.4
[029月2025 22:09:15.074] [modloading-worker-0/DEBUG] [net.minecraftforge.versions.forge.ForgeVersion/CORE]: Found Forge group net.minecraftforge
[029月2025 22:09:15.077] [modloading-worker-0/DEBUG] [net.minecraftforge.versions.mcp.MCPVersion/CORE]: MCP Version package package net.minecraftforge.versions.mcp, Minecraft, version 1.20.1 from cpw.mods.modlauncher.TransformingClassLoader@663f237a
[029月2025 22:09:15.077] [modloading-worker-0/DEBUG] [net.minecraftforge.versions.mcp.MCPVersion/CORE]: Found MC version information 1.20.1
[029月2025 22:09:15.077] [modloading-worker-0/DEBUG] [net.minecraftforge.versions.mcp.MCPVersion/CORE]: Found MCP version information 20230612.114412
[029月2025 22:09:15.077] [modloading-worker-0/INFO] [net.minecraftforge.common.ForgeMod/FORGEMOD]: Forge mod loading, version 47.4.0, for MC 1.20.1 with MCP 20230612.114412
[029月2025 22:09:15.079] [modloading-worker-0/INFO] [net.minecraftforge.common.MinecraftForge/FORGE]: MinecraftForge v47.4.0 Initialized
[029月2025 22:09:15.084] [modloading-worker-0/DEBUG] [mixin/]: Mixing common.access.server.AccessMinecraftServer from crafttweaker.mixins.json into net.minecraft.server.MinecraftServer
[029月2025 22:09:15.090] [modloading-worker-0/DEBUG] [CraftTweaker-Services/]: Loaded com.blamejared.crafttweaker.platform.ForgePlatformHelper@220f3ad0 for service interface com.blamejared.crafttweaker.platform.services.IPlatformHelper
[029月2025 22:09:15.090] [modloading-worker-0/DEBUG] [net.minecraftforge.fml.config.ConfigTracker/CONFIG]: Config file jei-server.toml for jei tracking
[029月2025 22:09:15.090] [modloading-worker-0/DEBUG] [CraftTweaker-Services/]: Loaded com.blamejared.crafttweaker.platform.ForgeDistributionHelper@6d557f73 for service interface com.blamejared.crafttweaker.platform.services.IDistributionHelper
[029月2025 22:09:15.090] [modloading-worker-0/DEBUG] [net.minecraftforge.fml.config.ConfigTracker/CONFIG]: Config file patchouli-client.toml for patchouli tracking
[029月2025 22:09:15.090] [modloading-worker-0/DEBUG] [net.minecraftforge.fml.config.ConfigTracker/CONFIG]: Config file endless-common.toml for endless tracking
[029月2025 22:09:15.105] [modloading-worker-0/DEBUG] [CraftTweaker-Services/]: Loaded com.blamejared.crafttweaker.platform.client.ForgeClientHelper@1a25ef53 for service interface com.blamejared.crafttweaker.platform.services.IClientHelper
[029月2025 22:09:15.105] [modloading-worker-0/DEBUG] [net.minecraftforge.fml.javafmlmod.AutomaticEventSubscriber/LOADING]: Attempting to inject @EventBusSubscriber classes into the eventbus for patchouli
[029月2025 22:09:15.109] [modloading-worker-0/DEBUG] [CraftTweaker-Services/]: Loaded com.blamejared.crafttweaker.platform.event.ForgeEventHelper@77138ab6 for service interface com.blamejared.crafttweaker.platform.services.IEventHelper
[029月2025 22:09:15.113] [modloading-worker-0/DEBUG] [CraftTweaker-Services/]: Loaded com.blamejared.crafttweaker.platform.network.ForgeNetworkHelper@1904fe39 for service interface com.blamejared.crafttweaker.platform.services.INetworkHelper
[029月2025 22:09:15.122] [modloading-worker-0/DEBUG] [net.minecraftforge.fml.javafmlmod.AutomaticEventSubscriber/LOADING]: Auto-subscribing vazkii.patchouli.forge.common.ForgeModInitializer to MOD
[029月2025 22:09:15.140] [modloading-worker-0/DEBUG] [net.minecraftforge.fml.javafmlmod.AutomaticEventSubscriber/LOADING]: Auto-subscribing vazkii.patchouli.forge.client.ForgeClientInitializer to MOD
[029月2025 22:09:15.140] [modloading-worker-0/DEBUG] [CraftTweaker-Services/]: Loaded com.blamejared.crafttweaker.platform.ForgeRegistryHelper@2f092759 for service interface com.blamejared.crafttweaker.platform.services.IRegistryHelper
[029月2025 22:09:15.156] [modloading-worker-0/DEBUG] [mixin/]: Mixing common.access.server.AccessReloadableServerResources from crafttweaker.mixins.json into net.minecraft.server.ReloadableServerResources
[029月2025 22:09:15.158] [modloading-worker-0/DEBUG] [net.minecraftforge.fml.config.ConfigTracker/CONFIG]: Config file curios-client.toml for curios tracking
[029月2025 22:09:15.174] [modloading-worker-0/DEBUG] [mixin/]: Mixing ClientPacketListenerMixin from moonlight-common.mixins.json into net.minecraft.client.multiplayer.ClientPacketListener
[029月2025 22:09:15.178] [modloading-worker-0/DEBUG] [mixin/]: Mixing client.transform.multiplayer.MixinClientPacketListener from crafttweaker.mixins.json into net.minecraft.client.multiplayer.ClientPacketListener
[029月2025 22:09:15.180] [modloading-worker-0/DEBUG] [net.minecraftforge.fml.config.ConfigTracker/CONFIG]: Config file curios-common.toml for curios tracking
[029月2025 22:09:15.180] [modloading-worker-0/DEBUG] [net.minecraftforge.fml.config.ConfigTracker/CONFIG]: Config file curios-server.toml for curios tracking
[029月2025 22:09:15.180] [modloading-worker-0/DEBUG] [net.minecraftforge.fml.javafmlmod.AutomaticEventSubscriber/LOADING]: Attempting to inject @EventBusSubscriber classes into the eventbus for curios
[029月2025 22:09:15.180] [modloading-worker-0/DEBUG] [net.minecraftforge.fml.javafmlmod.AutomaticEventSubscriber/LOADING]: Auto-subscribing top.theillusivec4.curios.Curios$ClientProxy to MOD
[029月2025 22:09:15.243] [modloading-worker-0/DEBUG] [mixin/]: Mixing client.AccessorKeyMapping from patchouli_xplat.mixins.json into net.minecraft.client.KeyMapping
[029月2025 22:09:15.243] [modloading-worker-0/DEBUG] [mixin/]: Renaming @Accessor method getAllKeyMappings()Ljava/util/Map; to getAllKeyMappings_$md$4e5c7f$0 in patchouli_xplat.mixins.json:client.AccessorKeyMapping
[029月2025 22:09:15.253] [modloading-worker-0/DEBUG] [mixin/]: Mixing client.MixinLevelRenderer from patchouli_xplat.mixins.json into net.minecraft.client.renderer.LevelRenderer
[029月2025 22:09:15.292] [modloading-worker-0/DEBUG] [net.minecraftforge.fml.config.ConfigTracker/CONFIG]: Config file forge-client.toml for forge tracking
[029月2025 22:09:15.292] [modloading-worker-0/DEBUG] [net.minecraftforge.fml.config.ConfigTracker/CONFIG]: Config file forge-server.toml for forge tracking
[029月2025 22:09:15.292] [modloading-worker-0/DEBUG] [net.minecraftforge.fml.ModLoadingContext/]: Attempted to register an empty config for type COMMON on mod forge
[029月2025 22:09:15.292] [modloading-worker-0/DEBUG] [mixin/]: Mixing ConditionHackMixin from moonlight.mixins.json into net.minecraft.server.packs.resources.SimplePreparableReloadListener
[029月2025 22:09:15.357] [modloading-worker-0/DEBUG] [mezz.jei.common.platform.Services/]: Loaded mezz.jei.forge.platform.PlatformHelper@613ef113 for service interface mezz.jei.common.platform.IPlatformHelper
[029月2025 22:09:15.409] [modloading-worker-0/DEBUG] [net.minecraftforge.fml.javafmlmod.AutomaticEventSubscriber/LOADING]: Attempting to inject @EventBusSubscriber classes into the eventbus for jade
[029月2025 22:09:15.409] [modloading-worker-0/DEBUG] [net.minecraftforge.fml.javafmlmod.AutomaticEventSubscriber/LOADING]: Attempting to inject @EventBusSubscriber classes into the eventbus for forge
[029月2025 22:09:15.409] [modloading-worker-0/DEBUG] [net.minecraftforge.fml.javafmlmod.AutomaticEventSubscriber/LOADING]: Auto-subscribing net.minecraftforge.common.ForgeSpawnEggItem$CommonHandler to MOD
[029月2025 22:09:15.436] [modloading-worker-0/DEBUG] [net.minecraftforge.fml.javafmlmod.AutomaticEventSubscriber/LOADING]: Auto-subscribing net.minecraftforge.common.ForgeSpawnEggItem$ColorRegisterHandler to MOD
[029月2025 22:09:15.455] [modloading-worker-0/DEBUG] [net.minecraftforge.fml.config.ConfigTracker/CONFIG]: Config file dummmmmmy-client.toml for dummmmmmy tracking
[029月2025 22:09:15.455] [modloading-worker-0/DEBUG] [net.minecraftforge.fml.javafmlmod.AutomaticEventSubscriber/LOADING]: Attempting to inject @EventBusSubscriber classes into the eventbus for codechickenlib
[029月2025 22:09:15.455] [modloading-worker-0/DEBUG] [net.minecraftforge.fml.javafmlmod.AutomaticEventSubscriber/LOADING]: Auto-subscribing codechicken.lib.internal.HighlightHandler to FORGE
[029月2025 22:09:15.455] [modloading-worker-0/DEBUG] [mixin/]: Mixing MinecraftMixin from mixins.codechickenlib.json into net.minecraft.client.Minecraft
[029月2025 22:09:15.468] [modloading-worker-0/DEBUG] [net.minecraftforge.fml.javafmlmod.AutomaticEventSubscriber/LOADING]: Auto-subscribing net.minecraftforge.client.model.data.ModelDataManager to FORGE
[029月2025 22:09:15.470] [modloading-worker-0/DEBUG] [net.minecraftforge.fml.config.ConfigTracker/CONFIG]: Config file dummmmmmy-common.toml for dummmmmmy tracking
[029月2025 22:09:15.470] [modloading-worker-0/DEBUG] [net.minecraftforge.fml.javafmlmod.AutomaticEventSubscriber/LOADING]: Auto-subscribing net.minecraftforge.client.ForgeHooksClient$ClientEvents to MOD
[029月2025 22:09:15.470] [modloading-worker-0/DEBUG] [mixin/]: Mixing ShaderInstanceMixin from mixins.codechickenlib.json into net.minecraft.client.renderer.ShaderInstance
[029月2025 22:09:15.513] [modloading-worker-0/DEBUG] [net.minecraftforge.fml.javafmlmod.AutomaticEventSubscriber/LOADING]: Auto-subscribing net.minecraftforge.client.ClientForgeMod to MOD
[029月2025 22:09:15.513] [modloading-worker-0/DEBUG] [net.minecraftforge.fml.javafmlmod.AutomaticEventSubscriber/LOADING]: Attempting to inject @EventBusSubscriber classes into the eventbus for dummmmmmy
[029月2025 22:09:15.513] [modloading-worker-0/DEBUG] [mixin/]: Mixing client.MixinInventoryScreen from patchouli_xplat.mixins.json into net.minecraft.client.gui.screens.inventory.InventoryScreen
[029月2025 22:09:15.646] [modloading-worker-0/DEBUG] [net.minecraftforge.fml.javafmlmod.AutomaticEventSubscriber/LOADING]: Attempting to inject @EventBusSubscriber classes into the eventbus for brandonscore
[029月2025 22:09:15.646] [modloading-worker-0/DEBUG] [net.minecraftforge.fml.javafmlmod.AutomaticEventSubscriber/LOADING]: Auto-subscribing com.brandon3055.brandonscore.datagen.DataGenEventHandler to MOD
[029月2025 22:09:15.646] [modloading-worker-0/DEBUG] [net.minecraftforge.fml.javafmlmod.AutomaticEventSubscriber/LOADING]: Auto-subscribing com.brandon3055.brandonscore.BCContent to MOD
[029月2025 22:09:15.646] [modloading-worker-0/DEBUG] [net.minecraftforge.fml.config.ConfigTracker/CONFIG]: Config file moonlight-client.toml for moonlight tracking
[029月2025 22:09:15.646] [modloading-worker-0/DEBUG] [net.minecraftforge.fml.javafmlmod.AutomaticEventSubscriber/LOADING]: Attempting to inject @EventBusSubscriber classes into the eventbus for moonlight
[029月2025 22:09:15.646] [modloading-worker-0/DEBUG] [net.minecraftforge.fml.javafmlmod.AutomaticEventSubscriber/LOADING]: Auto-subscribing net.mehvahdjukaar.moonlight.forge.MoonlightForgeClient to FORGE
[029月2025 22:09:15.691] [modloading-worker-0/DEBUG] [net.minecraftforge.fml.javafmlmod.AutomaticEventSubscriber/LOADING]: Attempting to inject @EventBusSubscriber classes into the eventbus for endless
[029月2025 22:09:15.691] [modloading-worker-0/DEBUG] [net.minecraftforge.fml.javafmlmod.AutomaticEventSubscriber/LOADING]: Auto-subscribing com.yuo.endless.Client.AvaritiaShaders to FORGE
[029月2025 22:09:15.691] [modloading-worker-0/DEBUG] [mixin/]: Mixing common.access.level.damage.AccessDamageSources from crafttweaker.mixins.json into net.minecraft.world.damagesource.DamageSources
[029月2025 22:09:15.707] [modloading-worker-0/DEBUG] [mezz.jei.common.config.file.ConfigSerializer/]: Loading config file: D:\McMod20\Endless-20\run-data\config\jei\jei-debug.ini
[029月2025 22:09:15.707] [modloading-worker-0/DEBUG] [mezz.jei.common.config.file.ConfigSerializer/]: Saving config file: D:\McMod20\Endless-20\run-data\config\jei\jei-debug.ini
[029月2025 22:09:15.717] [modloading-worker-0/DEBUG] [mezz.jei.common.config.file.ConfigSerializer/]: Loading config file: D:\McMod20\Endless-20\run-data\config\jei\jei-mod-id-format.ini
[029月2025 22:09:15.717] [modloading-worker-0/DEBUG] [mezz.jei.common.config.file.ConfigSerializer/]: Saving config file: D:\McMod20\Endless-20\run-data\config\jei\jei-mod-id-format.ini
[029月2025 22:09:15.727] [modloading-worker-0/DEBUG] [mezz.jei.common.config.file.ConfigSerializer/]: Loading config file: D:\McMod20\Endless-20\run-data\config\jei\jei-colors.ini
[029月2025 22:09:15.727] [modloading-worker-0/DEBUG] [mezz.jei.common.config.file.ConfigSerializer/]: Saving config file: D:\McMod20\Endless-20\run-data\config\jei\jei-colors.ini
[029月2025 22:09:15.727] [modloading-worker-0/DEBUG] [mezz.jei.common.config.file.ConfigSerializer/]: Loading config file: D:\McMod20\Endless-20\run-data\config\jei\jei-client.ini
[029月2025 22:09:15.727] [modloading-worker-0/DEBUG] [mezz.jei.common.config.file.ConfigSerializer/]: Saving config file: D:\McMod20\Endless-20\run-data\config\jei\jei-client.ini
[029月2025 22:09:15.743] [modloading-worker-0/INFO] [mezz.jei.library.load.PluginCaller/]: Sending ConfigManager...
[029月2025 22:09:15.743] [modloading-worker-0/DEBUG] [mixin/]: Mixing common.access.villager.AccessTippedArrowForItemsAndEmeralds from crafttweaker.mixins.json into net.minecraft.world.entity.npc.VillagerTrades$TippedArrowForItemsAndEmeralds
[029月2025 22:09:15.758] [modloading-worker-0/DEBUG] [mezz.jei.library.load.PluginCallerTimerRunnable/]: Sending ConfigManager: jei:minecraft...
[029月2025 22:09:15.758] [modloading-worker-0/DEBUG] [mezz.jei.library.load.PluginCallerTimerRunnable/]: Sending ConfigManager: jade:main...
[029月2025 22:09:15.758] [modloading-worker-0/DEBUG] [mezz.jei.library.load.PluginCallerTimerRunnable/]: Sending ConfigManager: endless:jei_plugin...
[029月2025 22:09:15.758] [modloading-worker-0/DEBUG] [mezz.jei.library.load.PluginCallerTimerRunnable/]: Sending ConfigManager: jei:debug...
[029月2025 22:09:15.758] [modloading-worker-0/DEBUG] [mezz.jei.library.load.PluginCallerTimerRunnable/]: Sending ConfigManager: jei:gui...
[029月2025 22:09:15.758] [modloading-worker-0/DEBUG] [mezz.jei.library.load.PluginCallerTimerRunnable/]: Sending ConfigManager: jei:forge_gui...
[029月2025 22:09:15.758] [modloading-worker-0/DEBUG] [mezz.jei.library.load.PluginCallerTimerRunnable/]: Sending ConfigManager: codechickenlib:jei_plugin...
[029月2025 22:09:15.758] [modloading-worker-0/DEBUG] [mezz.jei.library.load.PluginCallerTimerRunnable/]: Sending ConfigManager: curios:curios...
[029月2025 22:09:15.758] [modloading-worker-0/DEBUG] [mezz.jei.library.load.PluginCallerTimerRunnable/]: Sending ConfigManager: patchouli:patchouli...
[029月2025 22:09:15.758] [modloading-worker-0/DEBUG] [mezz.jei.library.load.PluginCallerTimerRunnable/]: Sending ConfigManager: brandonscore:jei_plugin...
[029月2025 22:09:15.758] [modloading-worker-0/DEBUG] [mezz.jei.library.load.PluginCallerTimerRunnable/]: Sending ConfigManager: draconicevolution:jei_plugin...
[029月2025 22:09:15.758] [modloading-worker-0/DEBUG] [mezz.jei.library.load.PluginCallerTimerRunnable/]: Sending ConfigManager: jei:internal...
[029月2025 22:09:15.758] [modloading-worker-0/DEBUG] [mixin/]: Mixing common.access.villager.AccessItemsForEmeralds from crafttweaker.mixins.json into net.minecraft.world.entity.npc.VillagerTrades$ItemsForEmeralds
[029月2025 22:09:15.758] [modloading-worker-0/INFO] [mezz.jei.library.load.PluginCaller/]: Sending ConfigManager took 7.341 ms
[029月2025 22:09:15.762] [modloading-worker-0/DEBUG] [mixin/]: Mixing common.access.villager.AccessItemsAndEmeraldsToItems from crafttweaker.mixins.json into net.minecraft.world.entity.npc.VillagerTrades$ItemsAndEmeraldsToItems
[029月2025 22:09:15.767] [modloading-worker-0/DEBUG] [mixin/]: Mixing common.access.villager.AccessEnchantedItemForEmeralds from crafttweaker.mixins.json into net.minecraft.world.entity.npc.VillagerTrades$EnchantedItemForEmeralds
[029月2025 22:09:15.771] [modloading-worker-0/DEBUG] [mixin/]: Mixing common.access.recipe.AccessRecipeManager from crafttweaker.mixins.json into net.minecraft.world.item.crafting.RecipeManager
[029月2025 22:09:15.771] [modloading-worker-0/DEBUG] [mixin/]: Mixing common.access.villager.AccessEmeraldForItems from crafttweaker.mixins.json into net.minecraft.world.entity.npc.VillagerTrades$EmeraldForItems
[029月2025 22:09:15.779] [modloading-worker-0/DEBUG] [mixin/]: Mixing common.access.villager.AccessDyedArmorForEmeralds from crafttweaker.mixins.json into net.minecraft.world.entity.npc.VillagerTrades$DyedArmorForEmeralds
[029月2025 22:09:15.779] [modloading-worker-0/DEBUG] [net.minecraftforge.fml.javafmlmod.AutomaticEventSubscriber/LOADING]: Attempting to inject @EventBusSubscriber classes into the eventbus for jei
[029月2025 22:09:15.779] [modloading-worker-0/DEBUG] [mixin/]: Mixing common.access.villager.AccessBasicTrade from crafttweaker.forge.mixins.json into net.minecraftforge.common.BasicItemListing
[029月2025 22:09:15.779] [modloading-worker-0/DEBUG] [mixin/]: Mixing common.transform.villager.MixinBasicTrade from crafttweaker.forge.mixins.json into net.minecraftforge.common.BasicItemListing
[029月2025 22:09:15.846] [modloading-worker-0/DEBUG] [mixin/]: Mixing ItemRendererMixin from endless.mixins.json into net.minecraft.client.renderer.entity.ItemRenderer
[029月2025 22:09:15.851] [modloading-worker-0/DEBUG] [mixin/]: Mixing ItemRendererMixin from mixins.codechickenlib.json into net.minecraft.client.renderer.entity.ItemRenderer
[029月2025 22:09:15.876] [modloading-worker-0/DEBUG] [net.minecraftforge.fml.javafmlmod.AutomaticEventSubscriber/LOADING]: Auto-subscribing codechicken.lib.internal.ExceptionMessageEventHandler to FORGE
[029月2025 22:09:15.876] [modloading-worker-0/DEBUG] [net.minecraftforge.fml.javafmlmod.AutomaticEventSubscriber/LOADING]: Auto-subscribing codechicken.lib.internal.DataGenerators to MOD
[029月2025 22:09:15.876] [modloading-worker-0/DEBUG] [net.minecraftforge.fml.javafmlmod.AutomaticEventSubscriber/LOADING]: Auto-subscribing com.yuo.endless.Event.ClientEventHandler to MOD
[029月2025 22:09:15.876] [modloading-worker-0/DEBUG] [net.minecraftforge.fml.javafmlmod.AutomaticEventSubscriber/LOADING]: Auto-subscribing com.yuo.endless.Event.EndlessMobEvent to MOD
[029月2025 22:09:15.876] [modloading-worker-0/DEBUG] [net.minecraftforge.fml.javafmlmod.AutomaticEventSubscriber/LOADING]: Auto-subscribing com.yuo.endless.Event.EventHandler to FORGE
[029月2025 22:09:15.892] [modloading-worker-0/DEBUG] [mixin/]: Mixing common.access.predicate.AccessStatePropertiesPredicateBuilder from crafttweaker.mixins.json into net.minecraft.advancements.critereon.StatePropertiesPredicate$Builder
[029月2025 22:09:15.909] [modloading-worker-0/DEBUG] [net.minecraftforge.fml.javafmlmod.AutomaticEventSubscriber/LOADING]: Auto-subscribing com.yuo.endless.Event.SoundEvent to FORGE
[029月2025 22:09:15.941] [modloading-worker-0/DEBUG] [mixin/]: Mixing MixinNbtPredicate from curios.mixins.json into net.minecraft.advancements.critereon.NbtPredicate
[029月2025 22:09:15.959] [modloading-worker-0/DEBUG] [mixin/]: Mixing common.access.predicate.AccessLightningBoltPredicate from crafttweaker.mixins.json into net.minecraft.advancements.critereon.LighthingBoltPredicate
[029月2025 22:09:15.959] [modloading-worker-0/DEBUG] [mixin/]: Renaming @Invoker method crafttweaker$of(Lnet/minecraft/advancements/critereon/MinMaxBounds$Ints;Lnet/minecraft/advancements/critereon/EntityPredicate;)Lnet/minecraft/advancements/critereon/LighthingBoltPredicate; to crafttweaker$of_$md$4e5c7f$0 in crafttweaker.mixins.json:common.access.predicate.AccessLightningBoltPredicate
[029月2025 22:09:15.984] [modloading-worker-0/DEBUG] [mixin/]: Mixing common.access.loot.AccessLootTable from crafttweaker.mixins.json into net.minecraft.world.level.storage.loot.LootTable
[029月2025 22:09:16.014] [modloading-worker-0/DEBUG] [mixin/]: Mixing ElytraLayerMixin from mixins.brandonscore.json into net.minecraft.client.renderer.entity.layers.ElytraLayer
[029月2025 22:09:16.045] [modloading-worker-0/DEBUG] [mixin/]: Mixing common.access.loot.AccessLootContextBuilder from crafttweaker.mixins.json into net.minecraft.world.level.storage.loot.LootContext$Builder
[029月2025 22:09:16.060] [modloading-worker-0/DEBUG] [net.minecraftforge.fml.javafmlmod.AutomaticEventSubscriber/LOADING]: Attempting to inject @EventBusSubscriber classes into the eventbus for draconicevolution
[029月2025 22:09:16.060] [modloading-worker-0/DEBUG] [net.minecraftforge.fml.javafmlmod.AutomaticEventSubscriber/LOADING]: Auto-subscribing com.brandon3055.draconicevolution.datagen.DataGenEventHandler to MOD
[029月2025 22:09:16.060] [modloading-worker-0/DEBUG] [net.minecraftforge.fml.javafmlmod.AutomaticEventSubscriber/LOADING]: Auto-subscribing com.brandon3055.draconicevolution.client.DEParticles to MOD
[029月2025 22:09:16.075] [modloading-worker-0/DEBUG] [mixin/]: Mixing common.transform.item.attribute.MixinItemAttributeModifierEvent from crafttweaker.forge.mixins.json into net.minecraftforge.event.ItemAttributeModifierEvent
[029月2025 22:09:16.256] [modloading-worker-0/DEBUG] [mixin/]: Mixing common.access.tag.AccessTagManager from crafttweaker.mixins.json into net.minecraft.tags.TagManager
[029月2025 22:09:16.256] [modloading-worker-0/DEBUG] [mixin/]: Mixing common.transform.tags.MixinTagManager from crafttweaker.mixins.json into net.minecraft.tags.TagManager
[029月2025 22:09:16.256] [modloading-worker-0/DEBUG] [mixin/]: Renaming synthetic method lambda$crafttweaker$appendConsumer$0(Ljava/lang/Object;)V to md4e5c7f$lambda$crafttweaker$appendConsumer$0$0 in crafttweaker.mixins.json:common.transform.tags.MixinTagManager
[029月2025 22:09:16.473] [modloading-worker-0/DEBUG] [mixin/]: Mixing common.access.recipe.AccessSmithingTrimRecipe from crafttweaker.mixins.json into net.minecraft.world.item.crafting.SmithingTrimRecipe
[029月2025 22:09:16.473] [modloading-worker-0/DEBUG] [mixin/]: Mixing AccessorSmithingTrimRecipe from patchouli_xplat.mixins.json into net.minecraft.world.item.crafting.SmithingTrimRecipe
[029月2025 22:09:16.473] [modloading-worker-0/DEBUG] [mixin/]: Mixing common.access.recipe.AccessSmithingTransformRecipe from crafttweaker.mixins.json into net.minecraft.world.item.crafting.SmithingTransformRecipe
[029月2025 22:09:16.489] [modloading-worker-0/DEBUG] [mixin/]: Mixing AccessorSmithingTransformRecipe from patchouli_xplat.mixins.json into net.minecraft.world.item.crafting.SmithingTransformRecipe
[029月2025 22:09:16.622] [modloading-worker-0/DEBUG] [net.minecraftforge.fml.javafmlmod.AutomaticEventSubscriber/LOADING]: Attempting to inject @EventBusSubscriber classes into the eventbus for crafttweaker
[029月2025 22:09:16.622] [modloading-worker-0/DEBUG] [net.minecraftforge.fml.javafmlmod.AutomaticEventSubscriber/LOADING]: Auto-subscribing com.blamejared.crafttweaker.impl.event.CTModEventHandler to MOD
[029月2025 22:09:16.624] [modloading-worker-0/DEBUG] [net.minecraftforge.fml.javafmlmod.AutomaticEventSubscriber/LOADING]: Auto-subscribing com.blamejared.crafttweaker.impl.event.CTCommonEventHandler to FORGE
[029月2025 22:09:16.629] [modloading-worker-0/DEBUG] [net.minecraftforge.fml.javafmlmod.AutomaticEventSubscriber/LOADING]: Auto-subscribing com.blamejared.crafttweaker.impl.event.CTClientEventHandler to FORGE
[029月2025 22:09:16.680] [main/DEBUG] [net.minecraftforge.registries.ObjectHolderRegistry/REGISTRIES]: Processing ObjectHolder annotations
[029月2025 22:09:16.696] [main/DEBUG] [net.minecraftforge.registries.ObjectHolderRegistry/REGISTRIES]: Found 4373 ObjectHolder annotations
[029月2025 22:09:16.696] [main/DEBUG] [net.minecraftforge.common.capabilities.CapabilityManager/CAPABILITIES]: Attempting to automatically register: Lnet/minecraftforge/energy/IEnergyStorage;
[029月2025 22:09:16.696] [main/DEBUG] [net.minecraftforge.common.capabilities.CapabilityManager/CAPABILITIES]: Attempting to automatically register: Lnet/minecraftforge/fluids/capability/IFluidHandler;
[029月2025 22:09:16.696] [main/DEBUG] [net.minecraftforge.common.capabilities.CapabilityManager/CAPABILITIES]: Attempting to automatically register: Lnet/minecraftforge/fluids/capability/IFluidHandlerItem;
[029月2025 22:09:16.696] [main/DEBUG] [net.minecraftforge.common.capabilities.CapabilityManager/CAPABILITIES]: Attempting to automatically register: Lnet/minecraftforge/items/IItemHandler;
[029月2025 22:09:16.712] [main/DEBUG] [net.minecraftforge.registries.GameData/REGISTRIES]: Unfreezing vanilla registries
[029月2025 22:09:16.712] [main/DEBUG] [net.minecraftforge.registries.GameData/REGISTRIES]: Applying holder lookups: minecraft:sound_event
[029月2025 22:09:16.727] [main/DEBUG] [net.minecraftforge.registries.GameData/REGISTRIES]: Holder lookups applied: minecraft:sound_event
[029月2025 22:09:16.732] [main/DEBUG] [net.minecraftforge.registries.GameData/REGISTRIES]: Applying holder lookups: minecraft:fluid
[029月2025 22:09:16.732] [main/DEBUG] [net.minecraftforge.registries.GameData/REGISTRIES]: Holder lookups applied: minecraft:fluid
[029月2025 22:09:16.808] [main/DEBUG] [net.minecraftforge.registries.GameData/REGISTRIES]: Applying holder lookups: minecraft:block
[029月2025 22:09:16.808] [main/DEBUG] [net.minecraftforge.registries.GameData/REGISTRIES]: Holder lookups applied: minecraft:block
[029月2025 22:09:16.823] [main/INFO] [Moonlight/]: Initialized block sets in 15ms
[029月2025 22:09:16.823] [main/DEBUG] [net.minecraftforge.registries.GameData/REGISTRIES]: Applying holder lookups: minecraft:attribute
[029月2025 22:09:16.823] [main/DEBUG] [net.minecraftforge.registries.GameData/REGISTRIES]: Holder lookups applied: minecraft:attribute
[029月2025 22:09:16.823] [main/DEBUG] [net.minecraftforge.registries.GameData/REGISTRIES]: Applying holder lookups: minecraft:mob_effect
[029月2025 22:09:16.823] [main/DEBUG] [net.minecraftforge.registries.GameData/REGISTRIES]: Holder lookups applied: minecraft:mob_effect
[029月2025 22:09:16.823] [main/DEBUG] [net.minecraftforge.registries.GameData/REGISTRIES]: Applying holder lookups: minecraft:particle_type
[029月2025 22:09:16.823] [main/DEBUG] [net.minecraftforge.registries.GameData/REGISTRIES]: Holder lookups applied: minecraft:particle_type
[029月2025 22:09:16.871] [main/DEBUG] [mixin/]: Mixing ThirdPersonRendererMixin from moonlight-common.mixins.json into net.minecraft.client.model.HumanoidModel
[029月2025 22:09:16.887] [main/DEBUG] [net.minecraftforge.registries.GameData/REGISTRIES]: Applying holder lookups: minecraft:item
[029月2025 22:09:16.887] [main/DEBUG] [net.minecraftforge.registries.GameData/REGISTRIES]: Holder lookups applied: minecraft:item
[029月2025 22:09:16.919] [main/DEBUG] [net.minecraftforge.registries.GameData/REGISTRIES]: Applying holder lookups: minecraft:entity_type
[029月2025 22:09:16.919] [main/DEBUG] [net.minecraftforge.registries.GameData/REGISTRIES]: Holder lookups applied: minecraft:entity_type
[029月2025 22:09:16.919] [main/DEBUG] [net.minecraftforge.registries.GameData/REGISTRIES]: Applying holder lookups: minecraft:sensor_type
[029月2025 22:09:16.919] [main/DEBUG] [net.minecraftforge.registries.GameData/REGISTRIES]: Holder lookups applied: minecraft:sensor_type
[029月2025 22:09:16.919] [main/DEBUG] [net.minecraftforge.registries.GameData/REGISTRIES]: Applying holder lookups: minecraft:memory_module_type
[029月2025 22:09:16.919] [main/DEBUG] [net.minecraftforge.registries.GameData/REGISTRIES]: Holder lookups applied: minecraft:memory_module_type
[029月2025 22:09:16.919] [main/DEBUG] [net.minecraftforge.registries.GameData/REGISTRIES]: Applying holder lookups: minecraft:potion
[029月2025 22:09:16.919] [main/DEBUG] [net.minecraftforge.registries.GameData/REGISTRIES]: Holder lookups applied: minecraft:potion
[029月2025 22:09:16.919] [main/DEBUG] [net.minecraftforge.registries.GameData/REGISTRIES]: Applying holder lookups: minecraft:game_event
[029月2025 22:09:16.919] [main/DEBUG] [net.minecraftforge.registries.GameData/REGISTRIES]: Holder lookups applied: minecraft:game_event
[029月2025 22:09:16.919] [main/DEBUG] [net.minecraftforge.registries.GameData/REGISTRIES]: Applying holder lookups: minecraft:enchantment
[029月2025 22:09:16.919] [main/DEBUG] [net.minecraftforge.registries.GameData/REGISTRIES]: Holder lookups applied: minecraft:enchantment
[029月2025 22:09:17.005] [main/DEBUG] [net.minecraftforge.registries.GameData/REGISTRIES]: Applying holder lookups: minecraft:block_entity_type
[029月2025 22:09:17.013] [main/DEBUG] [net.minecraftforge.registries.GameData/REGISTRIES]: Holder lookups applied: minecraft:block_entity_type
[029月2025 22:09:17.013] [main/DEBUG] [net.minecraftforge.registries.GameData/REGISTRIES]: Applying holder lookups: minecraft:painting_variant
[029月2025 22:09:17.013] [main/DEBUG] [net.minecraftforge.registries.GameData/REGISTRIES]: Holder lookups applied: minecraft:painting_variant
[029月2025 22:09:17.013] [main/DEBUG] [net.minecraftforge.registries.GameData/REGISTRIES]: Applying holder lookups: minecraft:stat_type
[029月2025 22:09:17.013] [main/DEBUG] [net.minecraftforge.registries.GameData/REGISTRIES]: Holder lookups applied: minecraft:stat_type
[029月2025 22:09:17.013] [main/DEBUG] [net.minecraftforge.registries.GameData/REGISTRIES]: Applying holder lookups: minecraft:custom_stat
[029月2025 22:09:17.013] [main/DEBUG] [net.minecraftforge.registries.GameData/REGISTRIES]: Holder lookups applied: minecraft:custom_stat
[029月2025 22:09:17.013] [main/DEBUG] [net.minecraftforge.registries.GameData/REGISTRIES]: Applying holder lookups: minecraft:chunk_status
[029月2025 22:09:17.013] [main/DEBUG] [net.minecraftforge.registries.GameData/REGISTRIES]: Holder lookups applied: minecraft:chunk_status
[029月2025 22:09:17.013] [main/DEBUG] [net.minecraftforge.registries.GameData/REGISTRIES]: Applying holder lookups: minecraft:rule_test
[029月2025 22:09:17.015] [main/DEBUG] [net.minecraftforge.registries.GameData/REGISTRIES]: Holder lookups applied: minecraft:rule_test
[029月2025 22:09:17.015] [main/DEBUG] [net.minecraftforge.registries.GameData/REGISTRIES]: Applying holder lookups: minecraft:rule_block_entity_modifier
[029月2025 22:09:17.015] [main/DEBUG] [net.minecraftforge.registries.GameData/REGISTRIES]: Holder lookups applied: minecraft:rule_block_entity_modifier
[029月2025 22:09:17.015] [main/DEBUG] [net.minecraftforge.registries.GameData/REGISTRIES]: Applying holder lookups: minecraft:pos_rule_test
[029月2025 22:09:17.015] [main/DEBUG] [net.minecraftforge.registries.GameData/REGISTRIES]: Holder lookups applied: minecraft:pos_rule_test
[029月2025 22:09:17.031] [main/DEBUG] [net.minecraftforge.registries.GameData/REGISTRIES]: Applying holder lookups: minecraft:menu
[029月2025 22:09:17.031] [main/DEBUG] [net.minecraftforge.registries.GameData/REGISTRIES]: Holder lookups applied: minecraft:menu
[029月2025 22:09:17.032] [main/DEBUG] [net.minecraftforge.registries.GameData/REGISTRIES]: Applying holder lookups: minecraft:recipe_type
[029月2025 22:09:17.032] [main/DEBUG] [net.minecraftforge.registries.GameData/REGISTRIES]: Holder lookups applied: minecraft:recipe_type
[029月2025 22:09:17.040] [main/DEBUG] [net.minecraftforge.registries.GameData/REGISTRIES]: Applying holder lookups: minecraft:recipe_serializer
[029月2025 22:09:17.040] [main/DEBUG] [net.minecraftforge.registries.GameData/REGISTRIES]: Holder lookups applied: minecraft:recipe_serializer
[029月2025 22:09:17.040] [main/DEBUG] [net.minecraftforge.registries.GameData/REGISTRIES]: Applying holder lookups: minecraft:position_source_type
[029月2025 22:09:17.040] [main/DEBUG] [net.minecraftforge.registries.GameData/REGISTRIES]: Holder lookups applied: minecraft:position_source_type
[029月2025 22:09:17.045] [main/DEBUG] [net.minecraftforge.registries.GameData/REGISTRIES]: Applying holder lookups: minecraft:command_argument_type
[029月2025 22:09:17.045] [main/DEBUG] [net.minecraftforge.registries.GameData/REGISTRIES]: Holder lookups applied: minecraft:command_argument_type
[029月2025 22:09:17.045] [main/DEBUG] [net.minecraftforge.registries.GameData/REGISTRIES]: Applying holder lookups: minecraft:villager_type
[029月2025 22:09:17.045] [main/DEBUG] [net.minecraftforge.registries.GameData/REGISTRIES]: Holder lookups applied: minecraft:villager_type
[029月2025 22:09:17.045] [main/DEBUG] [net.minecraftforge.registries.GameData/REGISTRIES]: Applying holder lookups: minecraft:villager_profession
[029月2025 22:09:17.045] [main/DEBUG] [net.minecraftforge.registries.GameData/REGISTRIES]: Holder lookups applied: minecraft:villager_profession
[029月2025 22:09:17.045] [main/DEBUG] [net.minecraftforge.registries.GameData/REGISTRIES]: Applying holder lookups: minecraft:point_of_interest_type
[029月2025 22:09:17.045] [main/DEBUG] [net.minecraftforge.registries.GameData/REGISTRIES]: Holder lookups applied: minecraft:point_of_interest_type
[029月2025 22:09:17.045] [main/DEBUG] [net.minecraftforge.registries.GameData/REGISTRIES]: Applying holder lookups: minecraft:schedule
[029月2025 22:09:17.045] [main/DEBUG] [net.minecraftforge.registries.GameData/REGISTRIES]: Holder lookups applied: minecraft:schedule
[029月2025 22:09:17.045] [main/DEBUG] [net.minecraftforge.registries.GameData/REGISTRIES]: Applying holder lookups: minecraft:activity
[029月2025 22:09:17.045] [main/DEBUG] [net.minecraftforge.registries.GameData/REGISTRIES]: Holder lookups applied: minecraft:activity
[029月2025 22:09:17.047] [main/DEBUG] [net.minecraftforge.registries.GameData/REGISTRIES]: Applying holder lookups: minecraft:loot_pool_entry_type
[029月2025 22:09:17.047] [main/DEBUG] [net.minecraftforge.registries.GameData/REGISTRIES]: Holder lookups applied: minecraft:loot_pool_entry_type
[029月2025 22:09:17.047] [main/DEBUG] [net.minecraftforge.registries.GameData/REGISTRIES]: Applying holder lookups: minecraft:loot_function_type
[029月2025 22:09:17.047] [main/DEBUG] [net.minecraftforge.registries.GameData/REGISTRIES]: Holder lookups applied: minecraft:loot_function_type
[029月2025 22:09:17.049] [main/DEBUG] [net.minecraftforge.registries.GameData/REGISTRIES]: Applying holder lookups: minecraft:loot_condition_type
[029月2025 22:09:17.049] [main/DEBUG] [net.minecraftforge.registries.GameData/REGISTRIES]: Holder lookups applied: minecraft:loot_condition_type
[029月2025 22:09:17.049] [main/DEBUG] [net.minecraftforge.registries.GameData/REGISTRIES]: Applying holder lookups: minecraft:loot_number_provider_type
[029月2025 22:09:17.049] [main/DEBUG] [net.minecraftforge.registries.GameData/REGISTRIES]: Holder lookups applied: minecraft:loot_number_provider_type
[029月2025 22:09:17.049] [main/DEBUG] [net.minecraftforge.registries.GameData/REGISTRIES]: Applying holder lookups: minecraft:loot_nbt_provider_type
[029月2025 22:09:17.049] [main/DEBUG] [net.minecraftforge.registries.GameData/REGISTRIES]: Holder lookups applied: minecraft:loot_nbt_provider_type
[029月2025 22:09:17.049] [main/DEBUG] [net.minecraftforge.registries.GameData/REGISTRIES]: Applying holder lookups: minecraft:loot_score_provider_type
[029月2025 22:09:17.049] [main/DEBUG] [net.minecraftforge.registries.GameData/REGISTRIES]: Holder lookups applied: minecraft:loot_score_provider_type
[029月2025 22:09:17.049] [main/DEBUG] [net.minecraftforge.registries.GameData/REGISTRIES]: Applying holder lookups: minecraft:float_provider_type
[029月2025 22:09:17.049] [main/DEBUG] [net.minecraftforge.registries.GameData/REGISTRIES]: Holder lookups applied: minecraft:float_provider_type
[029月2025 22:09:17.049] [main/DEBUG] [net.minecraftforge.registries.GameData/REGISTRIES]: Applying holder lookups: minecraft:int_provider_type
[029月2025 22:09:17.049] [main/DEBUG] [net.minecraftforge.registries.GameData/REGISTRIES]: Holder lookups applied: minecraft:int_provider_type
[029月2025 22:09:17.049] [main/DEBUG] [net.minecraftforge.registries.GameData/REGISTRIES]: Applying holder lookups: minecraft:height_provider_type
[029月2025 22:09:17.049] [main/DEBUG] [net.minecraftforge.registries.GameData/REGISTRIES]: Holder lookups applied: minecraft:height_provider_type
[029月2025 22:09:17.049] [main/DEBUG] [net.minecraftforge.registries.GameData/REGISTRIES]: Applying holder lookups: minecraft:block_predicate_type
[029月2025 22:09:17.049] [main/DEBUG] [net.minecraftforge.registries.GameData/REGISTRIES]: Holder lookups applied: minecraft:block_predicate_type
[029月2025 22:09:17.049] [main/DEBUG] [net.minecraftforge.registries.GameData/REGISTRIES]: Applying holder lookups: minecraft:worldgen/carver
[029月2025 22:09:17.051] [main/DEBUG] [net.minecraftforge.registries.GameData/REGISTRIES]: Holder lookups applied: minecraft:worldgen/carver
[029月2025 22:09:17.051] [main/DEBUG] [net.minecraftforge.registries.GameData/REGISTRIES]: Applying holder lookups: minecraft:worldgen/feature
[029月2025 22:09:17.051] [main/DEBUG] [net.minecraftforge.registries.GameData/REGISTRIES]: Holder lookups applied: minecraft:worldgen/feature
[029月2025 22:09:17.051] [main/DEBUG] [net.minecraftforge.registries.GameData/REGISTRIES]: Applying holder lookups: minecraft:worldgen/structure_processor
[029月2025 22:09:17.051] [main/DEBUG] [net.minecraftforge.registries.GameData/REGISTRIES]: Holder lookups applied: minecraft:worldgen/structure_processor
[029月2025 22:09:17.051] [main/DEBUG] [net.minecraftforge.registries.GameData/REGISTRIES]: Applying holder lookups: minecraft:worldgen/structure_placement
[029月2025 22:09:17.051] [main/DEBUG] [net.minecraftforge.registries.GameData/REGISTRIES]: Holder lookups applied: minecraft:worldgen/structure_placement
[029月2025 22:09:17.053] [main/DEBUG] [net.minecraftforge.registries.GameData/REGISTRIES]: Applying holder lookups: minecraft:worldgen/structure_piece
[029月2025 22:09:17.053] [main/DEBUG] [net.minecraftforge.registries.GameData/REGISTRIES]: Holder lookups applied: minecraft:worldgen/structure_piece
[029月2025 22:09:17.053] [main/DEBUG] [net.minecraftforge.registries.GameData/REGISTRIES]: Applying holder lookups: minecraft:worldgen/structure_type
[029月2025 22:09:17.053] [main/DEBUG] [net.minecraftforge.registries.GameData/REGISTRIES]: Holder lookups applied: minecraft:worldgen/structure_type
[029月2025 22:09:17.053] [main/DEBUG] [net.minecraftforge.registries.GameData/REGISTRIES]: Applying holder lookups: minecraft:worldgen/placement_modifier_type
[029月2025 22:09:17.053] [main/DEBUG] [net.minecraftforge.registries.GameData/REGISTRIES]: Holder lookups applied: minecraft:worldgen/placement_modifier_type
[029月2025 22:09:17.053] [main/DEBUG] [net.minecraftforge.registries.GameData/REGISTRIES]: Applying holder lookups: minecraft:worldgen/block_state_provider_type
[029月2025 22:09:17.053] [main/DEBUG] [net.minecraftforge.registries.GameData/REGISTRIES]: Holder lookups applied: minecraft:worldgen/block_state_provider_type
[029月2025 22:09:17.053] [main/DEBUG] [net.minecraftforge.registries.GameData/REGISTRIES]: Applying holder lookups: minecraft:worldgen/foliage_placer_type
[029月2025 22:09:17.053] [main/DEBUG] [net.minecraftforge.registries.GameData/REGISTRIES]: Holder lookups applied: minecraft:worldgen/foliage_placer_type
[029月2025 22:09:17.053] [main/DEBUG] [net.minecraftforge.registries.GameData/REGISTRIES]: Applying holder lookups: minecraft:worldgen/trunk_placer_type
[029月2025 22:09:17.053] [main/DEBUG] [net.minecraftforge.registries.GameData/REGISTRIES]: Holder lookups applied: minecraft:worldgen/trunk_placer_type
[029月2025 22:09:17.053] [main/DEBUG] [net.minecraftforge.registries.GameData/REGISTRIES]: Applying holder lookups: minecraft:worldgen/root_placer_type
[029月2025 22:09:17.053] [main/DEBUG] [net.minecraftforge.registries.GameData/REGISTRIES]: Holder lookups applied: minecraft:worldgen/root_placer_type
[029月2025 22:09:17.053] [main/DEBUG] [net.minecraftforge.registries.GameData/REGISTRIES]: Applying holder lookups: minecraft:worldgen/tree_decorator_type
[029月2025 22:09:17.053] [main/DEBUG] [net.minecraftforge.registries.GameData/REGISTRIES]: Holder lookups applied: minecraft:worldgen/tree_decorator_type
[029月2025 22:09:17.053] [main/DEBUG] [net.minecraftforge.registries.GameData/REGISTRIES]: Applying holder lookups: minecraft:worldgen/feature_size_type
[029月2025 22:09:17.053] [main/DEBUG] [net.minecraftforge.registries.GameData/REGISTRIES]: Holder lookups applied: minecraft:worldgen/feature_size_type
[029月2025 22:09:17.053] [main/DEBUG] [net.minecraftforge.registries.GameData/REGISTRIES]: Applying holder lookups: minecraft:worldgen/biome_source
[029月2025 22:09:17.053] [main/DEBUG] [net.minecraftforge.registries.GameData/REGISTRIES]: Holder lookups applied: minecraft:worldgen/biome_source
[029月2025 22:09:17.053] [main/DEBUG] [net.minecraftforge.registries.GameData/REGISTRIES]: Applying holder lookups: minecraft:worldgen/chunk_generator
[029月2025 22:09:17.053] [main/DEBUG] [net.minecraftforge.registries.GameData/REGISTRIES]: Holder lookups applied: minecraft:worldgen/chunk_generator
[029月2025 22:09:17.053] [main/DEBUG] [net.minecraftforge.registries.GameData/REGISTRIES]: Applying holder lookups: minecraft:worldgen/material_condition
[029月2025 22:09:17.053] [main/DEBUG] [net.minecraftforge.registries.GameData/REGISTRIES]: Holder lookups applied: minecraft:worldgen/material_condition
[029月2025 22:09:17.053] [main/DEBUG] [net.minecraftforge.registries.GameData/REGISTRIES]: Applying holder lookups: minecraft:worldgen/material_rule
[029月2025 22:09:17.053] [main/DEBUG] [net.minecraftforge.registries.GameData/REGISTRIES]: Holder lookups applied: minecraft:worldgen/material_rule
[029月2025 22:09:17.053] [main/DEBUG] [net.minecraftforge.registries.GameData/REGISTRIES]: Applying holder lookups: minecraft:worldgen/density_function_type
[029月2025 22:09:17.053] [main/DEBUG] [net.minecraftforge.registries.GameData/REGISTRIES]: Holder lookups applied: minecraft:worldgen/density_function_type
[029月2025 22:09:17.053] [main/DEBUG] [net.minecraftforge.registries.GameData/REGISTRIES]: Applying holder lookups: minecraft:worldgen/structure_pool_element
[029月2025 22:09:17.055] [main/DEBUG] [net.minecraftforge.registries.GameData/REGISTRIES]: Holder lookups applied: minecraft:worldgen/structure_pool_element
[029月2025 22:09:17.055] [main/DEBUG] [net.minecraftforge.registries.GameData/REGISTRIES]: Applying holder lookups: minecraft:cat_variant
[029月2025 22:09:17.055] [main/DEBUG] [net.minecraftforge.registries.GameData/REGISTRIES]: Holder lookups applied: minecraft:cat_variant
[029月2025 22:09:17.055] [main/DEBUG] [net.minecraftforge.registries.GameData/REGISTRIES]: Applying holder lookups: minecraft:frog_variant
[029月2025 22:09:17.055] [main/DEBUG] [net.minecraftforge.registries.GameData/REGISTRIES]: Holder lookups applied: minecraft:frog_variant
[029月2025 22:09:17.055] [main/DEBUG] [net.minecraftforge.registries.GameData/REGISTRIES]: Applying holder lookups: minecraft:banner_pattern
[029月2025 22:09:17.055] [main/DEBUG] [net.minecraftforge.registries.GameData/REGISTRIES]: Holder lookups applied: minecraft:banner_pattern
[029月2025 22:09:17.055] [main/DEBUG] [net.minecraftforge.registries.GameData/REGISTRIES]: Applying holder lookups: minecraft:instrument
[029月2025 22:09:17.055] [main/DEBUG] [net.minecraftforge.registries.GameData/REGISTRIES]: Holder lookups applied: minecraft:instrument
[029月2025 22:09:17.055] [main/DEBUG] [net.minecraftforge.registries.GameData/REGISTRIES]: Applying holder lookups: minecraft:decorated_pot_patterns
[029月2025 22:09:17.055] [main/DEBUG] [net.minecraftforge.registries.GameData/REGISTRIES]: Holder lookups applied: minecraft:decorated_pot_patterns
[029月2025 22:09:17.059] [main/DEBUG] [net.minecraftforge.registries.GameData/REGISTRIES]: Applying holder lookups: minecraft:creative_mode_tab
[029月2025 22:09:17.059] [main/DEBUG] [net.minecraftforge.registries.GameData/REGISTRIES]: Holder lookups applied: minecraft:creative_mode_tab
[029月2025 22:09:17.061] [main/DEBUG] [net.minecraftforge.registries.GameData/REGISTRIES]: Applying holder lookups: brandonscore:hud_elements
[029月2025 22:09:17.061] [main/DEBUG] [net.minecraftforge.registries.GameData/REGISTRIES]: Holder lookups applied: brandonscore:hud_elements
[029月2025 22:09:17.061] [main/DEBUG] [net.minecraftforge.registries.GameData/REGISTRIES]: Applying holder lookups: brandonscore:world_entity
[029月2025 22:09:17.061] [main/DEBUG] [net.minecraftforge.registries.GameData/REGISTRIES]: Holder lookups applied: brandonscore:world_entity
[029月2025 22:09:17.096] [main/DEBUG] [net.minecraftforge.registries.GameData/REGISTRIES]: Applying holder lookups: draconicevolution:modules
[029月2025 22:09:17.098] [main/DEBUG] [net.minecraftforge.registries.GameData/REGISTRIES]: Holder lookups applied: draconicevolution:modules
[029月2025 22:09:17.102] [main/DEBUG] [net.minecraftforge.registries.GameData/REGISTRIES]: Applying holder lookups: forge:biome_modifier_serializers
[029月2025 22:09:17.102] [main/DEBUG] [net.minecraftforge.registries.GameData/REGISTRIES]: Holder lookups applied: forge:biome_modifier_serializers
[029月2025 22:09:17.103] [main/DEBUG] [net.minecraftforge.registries.GameData/REGISTRIES]: Applying holder lookups: forge:display_contexts
[029月2025 22:09:17.103] [main/DEBUG] [net.minecraftforge.registries.GameData/REGISTRIES]: Holder lookups applied: forge:display_contexts
[029月2025 22:09:17.103] [main/DEBUG] [net.minecraftforge.registries.GameData/REGISTRIES]: Applying holder lookups: forge:entity_data_serializers
[029月2025 22:09:17.104] [main/DEBUG] [net.minecraftforge.registries.GameData/REGISTRIES]: Holder lookups applied: forge:entity_data_serializers
[029月2025 22:09:17.104] [main/DEBUG] [net.minecraftforge.registries.GameData/REGISTRIES]: Applying holder lookups: forge:fluid_type
[029月2025 22:09:17.104] [main/DEBUG] [net.minecraftforge.registries.GameData/REGISTRIES]: Holder lookups applied: forge:fluid_type
[029月2025 22:09:17.106] [main/DEBUG] [net.minecraftforge.registries.GameData/REGISTRIES]: Applying holder lookups: forge:global_loot_modifier_serializers
[029月2025 22:09:17.106] [main/DEBUG] [net.minecraftforge.registries.GameData/REGISTRIES]: Holder lookups applied: forge:global_loot_modifier_serializers
[029月2025 22:09:17.111] [main/DEBUG] [net.minecraftforge.registries.GameData/REGISTRIES]: Applying holder lookups: forge:holder_set_type
[029月2025 22:09:17.111] [main/DEBUG] [net.minecraftforge.registries.GameData/REGISTRIES]: Holder lookups applied: forge:holder_set_type
[029月2025 22:09:17.111] [main/DEBUG] [net.minecraftforge.registries.GameData/REGISTRIES]: Applying holder lookups: forge:structure_modifier_serializers
[029月2025 22:09:17.111] [main/DEBUG] [net.minecraftforge.registries.GameData/REGISTRIES]: Holder lookups applied: forge:structure_modifier_serializers
[029月2025 22:09:17.111] [main/DEBUG] [net.minecraftforge.registries.GameData/REGISTRIES]: Applying holder lookups: minecraft:worldgen/biome
[029月2025 22:09:17.111] [main/DEBUG] [net.minecraftforge.registries.GameData/REGISTRIES]: Holder lookups applied: minecraft:worldgen/biome
[029月2025 22:09:17.180] [main/WARN] [net.minecraft.server.packs.VanillaPackResourcesBuilder/]: Assets URL 'union:/D:/McMod20/Endless-20/build/fg_cache/net/minecraftforge/forge/1.20.1-47.4.0_mapped_official_1.20.1/forge-1.20.1-47.4.0_mapped_official_1.20.1.jar%23191!/assets/.mcassetsroot' uses unexpected schema
[029月2025 22:09:17.180] [main/WARN] [net.minecraft.server.packs.VanillaPackResourcesBuilder/]: Assets URL 'union:/D:/McMod20/Endless-20/build/fg_cache/net/minecraftforge/forge/1.20.1-47.4.0_mapped_official_1.20.1/forge-1.20.1-47.4.0_mapped_official_1.20.1.jar%23191!/data/.mcassetsroot' uses unexpected schema
[029月2025 22:09:17.199] [main/DEBUG] [mixin/]: Mixing MultiPackResourceManagerMixin from moonlight-common.mixins.json into net.minecraft.server.packs.resources.MultiPackResourceManager
[029月2025 22:09:17.213] [Worker-Main-1/DEBUG] [mixin/]: Mixing MapDataMixin from moonlight-common.mixins.json into net.minecraft.world.level.saveddata.maps.MapItemSavedData
[029月2025 22:09:17.213] [Worker-Main-1/DEBUG] [mixin/]: Renaming synthetic method lambda$save$3(Lnet/minecraft/nbt/CompoundTag;Lnet/minecraft/resources/ResourceLocation;Lnet/mehvahdjukaar/moonlight/api/map/CustomMapData;)V to md4e5c7f$lambda$save$3$0 in moonlight-common.mixins.json:MapDataMixin
[029月2025 22:09:17.213] [Worker-Main-1/DEBUG] [mixin/]: Renaming synthetic method lambda$load$2(Lnet/minecraft/nbt/CompoundTag;Lnet/mehvahdjukaar/moonlight/api/map/CustomMapData;)V to md4e5c7f$lambda$load$2$1 in moonlight-common.mixins.json:MapDataMixin
[029月2025 22:09:17.213] [Worker-Main-1/DEBUG] [mixin/]: Renaming synthetic method lambda$setCustomDataDirty$1(Lnet/mehvahdjukaar/moonlight/api/map/CustomMapData$Type;Ljava/util/function/Consumer;Lnet/minecraft/world/level/saveddata/maps/MapItemSavedData$HoldingPlayer;)V to md4e5c7f$lambda$setCustomDataDirty$1$2 in moonlight-common.mixins.json:MapDataMixin
[029月2025 22:09:17.213] [Worker-Main-1/DEBUG] [mixin/]: Renaming synthetic method lambda$setCustomDecorationsDirty$0(Lnet/minecraft/world/level/saveddata/maps/MapItemSavedData$HoldingPlayer;)V to md4e5c7f$lambda$setCustomDecorationsDirty$0$3 in moonlight-common.mixins.json:MapDataMixin
[029月2025 22:09:17.633] [main/INFO] [net.minecraft.data.DataGenerator/]: Starting provider: Registries
[029月2025 22:09:17.656] [main/INFO] [net.minecraft.data.DataGenerator/]: Registries finished after 22 ms
[029月2025 22:09:17.656] [main/INFO] [net.minecraft.data.DataGenerator/]: All providers took: 23 ms
[029月2025 22:09:17.664] [main/INFO] [net.minecraft.data.HashCache/]: Caching: total files: 1, old count: 0, new count: 2, removed stale: 0, written: 1
